stock_id,name,industry,roe,roa,eps,net_profit_margin,gross_margin,operating_margin,debt_ratio,pe,pb,dividend_yield,dividend_years,revenue_growth,eps_growth,price
2330,,,35.89,24.57,17.44,45.64,59.45,50.58,31.53,24.68,7.83,1.13,11,,20.69,1510.0
2317,,,14.5,5.4,4.15,3.21,6.35,3.43,62.78,16.53,1.92,2.57,11,,24.25,225.5
2454,,,23.76,14.8,15.84,17.91,46.53,15.61,37.7,20.82,5.26,3.9,11,,6.02,1385.0
2308,,,28.51,14.17,7.16,13.92,34.87,16.5,50.3,49.71,10.32,0.73,11,,159.42,956.0
2881,,,16.63,1.28,2.74,31.94,,,92.28,12.29,1.57,4.38,11,,26.85,97.0
2882,,,12.77,0.81,1.95,24.38,,,93.63,14.75,1.36,4.68,2,,282.35,74.8
2303,,,16.55,10.76,1.2,25.27,29.81,18.8,34.97,15.61,1.74,5.71,3,,76.47,49.95
3711,,,13.38,5.39,2.51,6.74,17.13,7.83,59.7,29.73,3.31,2.2,7,,15.67,240.5
2891,,,19.55,1.13,1.28,39.48,,,94.24,13.53,2.04,4.62,11,,85.51,49.8
2412,,,10.1,7.68,1.22,17.01,37.14,20.89,23.91,26.57,2.71,3.8,11,,5.17,131.5
2886,,,10.55,0.84,0.68,44.52,,,92.04,17.89,1.57,3.94,11,,83.78,40.6
1301,,,-0.83,-0.49,-0.1,-1.44,1.38,-6.44,40.36,0.0,0.87,1.26,11,,-300.0,39.75
1303,,,4.03,2.36,0.41,5.41,8.29,1.61,41.42,0.0,1.39,1.22,11,,925.0,57.5
2002,,,-3.57,-1.71,-0.16,-3.93,0.27,-4.1,52.05,0.0,0.99,1.75,11,,,18.85
3008,,,15.59,13.5,53.05,40.5,47.25,35.44,13.42,13.7,1.75,4.09,11,,-18.4,2385.0
2880,,,14.44,0.77,0.59,41.75,,,94.64,17.87,1.98,4.17,11,,55.26,32.35
1326,,,2.6,1.69,0.3,2.92,4.36,-0.31,35.23,0.0,0.67,1.56,11,,257.89,32.05
2382,,,29.52,6.32,4.27,3.36,6.85,3.71,78.58,14.77,4.75,4.94,11,,3.64,263.0
2357,,,16.34,7.89,14.21,5.8,14.33,4.91,51.75,11.76,1.59,6.17,11,,542.99,551.0
2884,,,14.5,0.88,0.58,38.36,,,93.94,17.6,2.12,3.81,11,,81.25,34.15
3034,,,22.99,15.54,6.0,14.87,36.29,15.7,32.41,13.02,3.57,7.5,11,,-23.95,373.5
2890,,,14.55,0.99,0.58,39.98,,,93.23,15.65,1.75,4.32,11,,93.33,28.95
5871,,,10.3,1.99,2.65,19.74,65.69,26.81,80.67,10.8,1.2,5.65,11,,6.85,111.5
2912,,,27.52,4.74,2.85,3.8,35.01,4.26,82.76,20.78,5.88,4.04,11,,31.34,223.0
2892,,,10.99,0.63,0.54,36.31,,,94.27,16.12,1.5,4.07,11,,63.64,29.5
1216,,,18.53,5.14,1.05,5.23,33.51,5.94,72.25,23.13,3.58,3.73,11,,90.91,80.5
2327,,,16.05,7.08,-12.29,19.33,36.19,22.86,55.89,22.44,2.93,2.23,11,,-273.83,224.0
3231,,,29.12,6.88,2.37,2.91,7.39,4.78,76.38,18.98,2.89,2.59,11,,28.11,146.5
2379,,,28.9,10.56,6.68,11.63,49.68,10.56,63.47,16.07,5.25,5.25,11,,0.75,485.5
2395,,,21.33,15.68,3.2,15.45,38.87,15.24,26.49,24.3,4.79,2.95,11,,4.58,284.5
5880,,,9.09,0.46,0.38,31.72,,,94.93,19.6,1.43,4.08,11,,72.73,24.5
2408,,,3.97,3.09,0.5,8.32,18.45,5.96,22.32,0.0,3.72,0.0,0,,198.04,189.0
4938,,,9.62,3.57,1.7,2.13,4.23,1.25,62.84,14.31,0.96,6.55,11,,20.57,68.7
1101,,,-16.8,-8.11,-1.35,-30.17,22.64,13.16,51.72,0.0,0.78,4.39,11,,-359.62,22.8
2801,,,19.68,1.25,0.42,,,,93.67,13.62,1.15,4.83,11,,27.27,20.7
2883,,,17.44,1.37,0.8,134.89,,,92.13,13.77,1.03,5.48,2,,207.69,17.35
3045,,,17.5,6.75,1.19,8.51,21.31,11.06,61.43,24.08,4.1,4.04,11,,4.39,111.5
6505,,,11.0,9.13,0.9,5.25,7.31,5.68,16.97,76.09,1.51,1.64,11,,542.86,48.7
9910,,,30.23,14.89,1.76,8.82,23.72,9.86,50.75,21.1,4.69,4.59,11,,10.0,111.0
2887,,,10.55,0.57,0.59,27.64,,,94.58,20.81,1.15,4.37,11,,168.18,20.6
2353,,,8.56,3.22,0.37,2.77,11.16,2.05,62.35,18.26,1.03,6.75,7,,-21.28,25.2
2207,,,22.31,4.99,10.03,9.02,,,69.23,17.1,3.95,3.57,11,,26.16,561.0
4904,,,15.48,7.65,0.96,13.15,31.0,15.85,50.59,23.32,3.61,4.02,11,,-4.95,88.6
9904,,,10.03,6.19,1.28,9.1,23.48,5.08,38.32,7.99,0.66,5.61,11,,68.42,30.3
2301,,,22.17,9.11,2.05,10.35,25.04,10.43,58.92,25.79,4.41,2.78,11,,54.14,162.5
2885,,,12.77,1.1,0.78,32.22,,,91.41,15.04,1.62,4.63,11,,14.71,40.0
3037,,,9.94,4.13,1.44,7.21,13.38,4.51,58.5,105.5,3.66,0.68,10,,3500.0,220.5
2609,,,7.62,5.45,1.73,14.52,15.9,10.49,28.48,7.16,0.61,13.37,4,,-51.81,56.1
5876,,,18.69,2.05,0.95,,,,89.05,12.85,1.0,4.43,11,,58.33,40.6
6446,,,19.81,17.1,3.36,37.83,91.58,29.94,13.65,33.91,5.48,0.45,1,,-9.92,489.0
2603,,,15.71,10.42,10.04,22.78,26.15,22.73,33.63,4.56,0.76,17.02,5,,-29.25,191.0
2618,,,18.02,7.21,1.09,12.06,22.64,15.14,59.97,7.56,1.49,6.58,4,,-21.58,36.45
3017,,,56.83,16.97,13.67,15.18,26.12,20.77,70.13,39.88,16.29,0.65,11,,126.7,1520.0
2615,,,18.02,11.77,4.14,33.24,30.64,25.64,34.71,6.54,0.87,4.39,11,,-9.01,79.8
1402,,,5.8,2.67,0.42,7.21,19.27,6.25,54.05,17.53,0.66,5.78,11,,-30.0,27.7
2105,,,7.84,4.66,0.5,6.84,23.39,8.71,40.51,18.73,1.17,8.11,11,,47.06,29.6
2474,,,8.05,5.28,4.54,61.08,28.63,15.19,34.47,15.33,0.9,7.56,11,,-17.75,209.5
1102,,,7.87,4.87,1.14,21.6,16.69,13.5,38.14,10.96,0.75,5.99,11,,0.0,36.7
3044,,,23.82,12.99,5.62,15.23,26.76,18.54,45.45,17.01,3.42,3.19,11,,32.55,323.0
2377,,,13.02,5.53,2.01,2.94,11.26,3.11,57.48,17.75,1.56,5.2,11,,265.45,96.2
2324,,,6.94,2.34,0.45,1.31,5.67,1.43,66.22,19.87,1.03,4.67,11,,2.27,30.0
1590,,,17.53,14.18,10.5,25.46,46.04,29.84,19.16,23.85,3.92,2.08,11,,16.54,939.0
2344,,,10.65,5.92,0.65,12.41,46.69,17.01,44.48,0.0,3.63,0.0,0,,533.33,76.5
6415,,,8.19,7.11,1.75,15.23,50.29,12.77,13.17,29.05,2.13,1.25,9,,-24.57,192.0
2542,,,9.5,2.12,0.71,16.63,27.25,18.66,77.67,15.34,1.6,6.24,11,,-55.9,40.05
4958,,,9.33,5.22,2.49,7.58,21.98,9.56,44.03,18.82,1.33,3.32,8,,-45.75,144.5
1504,,,7.19,4.79,0.75,11.63,24.44,11.24,33.32,37.61,2.31,2.54,11,,33.93,86.5
2498,,,48.53,33.89,3.88,452.74,35.2,-119.21,30.16,7.14,1.54,0.0,0,,491.92,49.3
2637,,,13.63,7.83,2.06,34.25,30.7,29.63,42.55,16.7,1.15,7.22,5,,21.18,69.3
3443,,,29.62,12.03,6.47,10.06,24.22,12.25,59.37,81.98,24.21,0.76,11,,2.37,2115.0
2227,,,5.87,4.58,0.83,7.04,8.77,-4.94,21.96,32.34,0.98,7.05,11,,-57.65,55.3
8046,,,6.53,4.87,1.12,6.61,9.57,5.66,25.35,172.38,3.59,0.41,5,,300.0,246.5
2409,,,-2.8,-1.15,-0.17,-1.57,9.57,-2.58,58.81,15.41,0.58,2.63,0,,-180.95,11.4
3533,,,25.56,19.75,20.7,27.5,51.21,29.98,22.73,17.5,4.2,3.23,11,,-19.98,1290.0
2812,,,14.63,1.29,0.37,,,,91.17,14.38,1.42,5.33,11,,5.71,21.0
9945,,,12.75,7.07,0.96,37.65,24.86,17.82,44.57,9.24,0.89,3.59,0,,26.32,30.6
2049,,,4.57,3.16,1.26,7.02,28.6,6.85,30.76,49.37,1.87,1.23,11,,35.48,194.5
6278,,,13.03,5.33,2.38,5.45,12.67,7.38,59.09,9.98,1.27,5.92,11,,-1.24,92.9
1477,,,26.55,15.8,3.48,9.79,22.41,12.28,40.5,19.57,5.59,5.81,11,,-11.22,294.5
2352,,,2.7,0.77,0.15,0.73,16.89,1.56,71.4,29.38,1.36,4.66,11,,36.36,23.8
2401,,,-0.64,-0.49,-0.14,-1.08,45.89,-2.14,23.51,0.0,1.44,0.0,0,,-566.67,20.05
8454,,,25.26,8.8,1.82,2.28,8.91,2.63,65.18,17.28,6.26,6.17,11,,-58.64,207.5
2449,,,19.55,10.54,1.88,24.78,36.02,26.82,46.1,25.25,5.79,1.79,11,,13.25,223.0
3702,,,16.83,3.38,1.89,1.33,4.03,2.19,79.91,10.81,1.28,5.59,6,,96.88,57.2
2383,,,35.73,16.32,11.2,15.76,30.13,19.84,54.33,43.24,13.21,1.01,11,,46.02,1640.0
1605,,,1.62,0.93,0.23,1.63,4.76,-1.56,42.44,92.92,0.95,1.49,10,,253.33,33.45
3406,,,23.53,13.81,12.54,18.31,34.12,23.43,41.29,14.34,2.01,4.18,8,,64.57,430.5
2345,,,62.94,22.7,14.0,10.72,17.16,12.34,63.93,30.16,13.69,0.91,11,,72.84,1215.0
6239,,,11.82,7.27,2.08,10.19,16.13,10.28,38.44,24.89,2.38,4.0,11,,1.96,175.0
4966,,,15.27,13.36,10.31,18.64,42.5,18.56,12.51,15.75,2.06,2.92,11,,18.78,565.0
2356,,,18.78,3.85,0.76,1.88,5.04,1.74,79.52,16.93,2.17,4.0,11,,15.15,42.5
6531,,,24.06,20.75,4.35,46.45,46.01,25.49,13.74,67.43,5.87,1.7,11,,40.32,412.0
2376,,,22.88,8.98,4.57,4.11,9.91,4.32,60.74,12.93,2.82,4.28,11,,6.03,233.5
8464,,,25.79,19.68,5.83,24.53,58.72,29.15,23.67,16.34,3.93,3.96,11,,-11.67,366.5
5269,,,19.41,17.54,21.21,39.65,51.04,29.12,9.63,17.84,2.66,2.59,11,,69.14,1160.0
3023,,,19.58,10.07,3.05,9.64,23.02,8.34,48.59,15.03,3.22,5.2,11,,0.0,197.0
1476,,,23.81,19.81,6.02,17.15,28.66,19.1,16.79,18.68,3.8,4.43,11,,-3.22,384.0
3653,,,28.33,20.96,9.48,26.96,38.97,29.28,26.03,80.3,20.79,0.53,11,,23.44,2740.0
6669,,,57.07,19.78,82.92,5.78,8.82,7.34,65.33,18.01,7.4,1.72,8,,117.12,4300.0
2404,,,76.45,17.64,16.11,15.86,20.18,16.64,76.93,21.13,11.33,2.98,11,,53.72,941.0
0050,,,,,,,,,,,,3.5,10,,,64.4
0056,,,,,,,,,,,,8.15,10,,,36.61
00878,,,,,,,,,,,,7.48,5,,,21.57
00713,,,,,,,,,,,,5.5,7,,,50.95
00692,,,,,,,,,,,,4.0,8,,,56.65
00881,,,,,,,,,,,,7.0,4,,,32.22
00900,,,,,,,,,,,,6.5,3,,,13.79
0051,,,,,,,,,,,,3.5,10,,,91.2
006208,,,,,,,,,,,,3.5,10,,,147.55
00919,,,,,,,,,,,,9.6,2,,,22.48
2312,,,7.09,2.17,0.3,1.51,7.04,2.82,69.41,22.65,1.55,2.65,10,,87.5,22.65
2388,,,0.43,0.28,0.04,0.99,18.56,-15.34,34.97,1332.5,1.47,0.38,5,,-96.67,53.3
3481,,,0.35,0.24,0.0,0.33,7.89,-1.69,31.81,11.64,0.5,7.41,1,,-100.0,13.5
2337,,,-8.13,-4.53,-0.46,-10.5,13.54,-13.93,44.34,0.0,1.71,0.0,0,,44.58,39.2
6488,,,8.77,3.66,4.12,13.59,18.37,8.49,58.26,33.48,2.08,2.81,11,,373.56,391.0
3035,,,5.02,3.49,0.58,5.08,33.21,1.22,30.49,56.51,3.39,1.82,11,,-35.56,165.0
6409,,,29.99,16.01,7.32,12.36,28.94,22.06,46.6,20.75,9.63,4.58,11,,-34.47,938.0
2347,,,14.17,5.27,1.54,2.72,4.11,2.1,62.78,11.12,1.29,6.94,11,,-12.5,57.6
3529,,,59.37,48.04,6.52,51.28,100.0,57.57,19.08,68.54,38.96,1.29,11,,-5.37,1710.0
3661,,,13.98,10.63,16.4,20.19,28.02,17.61,23.97,43.77,6.87,1.13,8,,-28.42,3215.0
