stock_id,name,industry,market,asset_type
0050,元大台灣50,其他,上市,etf
0051,元大中型100,其他,上市,etf
0052,富邦科技,其他,上市,etf
0053,元大電子,其他,上市,etf
0055,元大MSCI金融,其他,上市,etf
0056,元大高股息,其他,上市,etf
0057,富邦摩台,其他,上市,etf
0061,元大寶滬深,其他,上市,etf
006203,元大MSCI台灣,其他,上市,etf
006204,永豐臺灣加權,其他,上市,etf
006205,富邦上証,其他,上市,etf
006206,元大上證50,其他,上市,etf
006207,復華滬深,其他,上市,etf
006208,富邦台50,其他,上市,etf
00625K,富邦上証+R,其他,上市,etf
00631L,元大台灣50正2,其他,上市,etf
00632R,元大台灣50反1,其他,上市,etf
00633L,富邦上証正2,其他,上市,etf
00634R,富邦上証反1,其他,上市,etf
00635U,期元大S&P黃金,其他,上市,etf
00636,國泰中國A50,其他,上市,etf
00636K,國泰中國A50+U,其他,上市,etf
00637L,元大滬深300正2,其他,上市,etf
00638R,元大滬深300反1,其他,上市,etf
00639,富邦深100,其他,上市,etf
00640L,富邦日本正2,其他,上市,etf
00641R,富邦日本反1,其他,上市,etf
00642U,期元大S&P石油,其他,上市,etf
00643,群益深証中小,其他,上市,etf
00643K,群益深証中小+R,其他,上市,etf
00645,富邦日本,其他,上市,etf
00646,元大S&P500,其他,上市,etf
00647L,元大S&P500正2,其他,上市,etf
00648R,元大S&P500反1,其他,上市,etf
00650L,復華香港正2,其他,上市,etf
00651R,復華香港反1,其他,上市,etf
00652,富邦印度,其他,上市,etf
00653L,富邦印度正2,其他,上市,etf
00654R,富邦印度反1,其他,上市,etf
00655L,國泰中國A50正2,其他,上市,etf
00656R,國泰中國A50反1,其他,上市,etf
00657,國泰日經225,其他,上市,etf
00657K,國泰日經225+U,其他,上市,etf
00660,元大歐洲50,其他,上市,etf
00661,元大日經225,其他,上市,etf
00662,富邦NASDAQ,其他,上市,etf
00663L,國泰臺灣加權正2,其他,上市,etf
00664R,國泰臺灣加權反1,其他,上市,etf
00665L,富邦恒生國企正2,其他,上市,etf
00666R,富邦恒生國企反1,其他,上市,etf
00668,國泰美國道瓊,其他,上市,etf
00668K,國泰美國道瓊+U,其他,上市,etf
00669R,國泰美國道瓊反1,其他,上市,etf
00670L,富邦NASDAQ正2,其他,上市,etf
00671R,富邦NASDAQ反1,其他,上市,etf
00673R,期元大S&P原油反1,其他,上市,etf
00674R,期元大S&P黃金反1,其他,上市,etf
00675L,富邦臺灣加權正2,其他,上市,etf
00676R,富邦臺灣加權反1,其他,上市,etf
00678,群益那斯達克生技,其他,上市,etf
00680L,元大美債20正2,其他,上市,etf
00681R,元大美債20反1,其他,上市,etf
00682U,期元大美元指數,其他,上市,etf
00683L,期元大美元指正2,其他,上市,etf
00684R,期元大美元指反1,其他,上市,etf
00685L,群益臺灣加權正2,其他,上市,etf
00686R,群益臺灣加權反1,其他,上市,etf
00688L,國泰20年美債正2,其他,上市,etf
00689R,國泰20年美債反1,其他,上市,etf
00690,兆豐藍籌30,其他,上市,etf
00692,富邦公司治理,其他,上市,etf
00693U,期街口S&P黃豆,其他,上市,etf
00700,富邦恒生國企,其他,上市,etf
00701,國泰股利精選30,其他,上市,etf
00702,國泰標普低波高息,其他,上市,etf
00703,台新MSCI中國,其他,上市,etf
00706L,期元大S&P日圓正2,其他,上市,etf
00707R,期元大S&P日圓反1,其他,上市,etf
00708L,期元大S&P黃金正2,其他,上市,etf
00709,富邦歐洲,其他,上市,etf
00710B,復華彭博非投等債,其他,上市,etf
00711B,復華彭博新興債,其他,上市,etf
00712,復華富時不動產,其他,上市,etf
00713,元大台灣高息低波,其他,上市,etf
00714,群益道瓊美國地產,其他,上市,etf
00715L,期街口布蘭特正2,其他,上市,etf
00717,富邦美國特別股,其他,上市,etf
00728,第一金工業30,其他,上市,etf
00730,富邦臺灣優質高息,其他,上市,etf
00731,復華富時高息低波,其他,上市,etf
00733,富邦臺灣中小,其他,上市,etf
00735,國泰臺韓科技,其他,上市,etf
00736,國泰新興市場,其他,上市,etf
00737,國泰AI機器人,其他,上市,etf
00738U,期元大道瓊白銀,其他,上市,etf
00739,元大MSCI A股,其他,上市,etf
00752,中信中國50,其他,上市,etf
00753L,中信中國50正2,其他,上市,etf
00757,統一FANG+,其他,上市,etf
00762,元大全球AI,其他,上市,etf
00763U,期街口道瓊銅,其他,上市,etf
00770,國泰北美科技,其他,上市,etf
00771,元大US高息特別股,其他,上市,etf
00775B,新光投等債15+,其他,上市,etf
00783,富邦中証500,其他,上市,etf
00830,國泰費城半導體,其他,上市,etf
00850,元大臺灣ESG永續,其他,上市,etf
00851,台新全球AI,其他,上市,etf
00852L,國泰美國道瓊正2,其他,上市,etf
00861,元大全球未來通訊,其他,上市,etf
00865B,國泰US短期公債,其他,上市,etf
00875,國泰網路資安,其他,上市,etf
00876,元大全球5G,其他,上市,etf
00878,國泰永續高股息,其他,上市,etf
00881,國泰台灣科技龍頭,其他,上市,etf
00882,中信中國高股息,其他,上市,etf
00885,富邦越南,其他,上市,etf
00891,中信關鍵半導體,其他,上市,etf
00892,富邦台灣半導體,其他,上市,etf
00893,國泰智能電動車,其他,上市,etf
00894,中信小資高價30,其他,上市,etf
00895,富邦未來車,其他,上市,etf
00896,中信綠能及電動車,其他,上市,etf
00897,富邦基因免疫生技,其他,上市,etf
00898,國泰基因免疫革命,其他,上市,etf
00899,FT潔淨能源,其他,上市,etf
00900,富邦特選高股息30,其他,上市,etf
00901,永豐智能車供應鏈,其他,上市,etf
00902,中信電池及儲能,其他,上市,etf
00903,富邦元宇宙,其他,上市,etf
00904,新光臺灣半導體30,其他,上市,etf
00905,FT臺灣Smart,其他,上市,etf
00907,永豐優息存股,其他,上市,etf
00908,富邦入息REITs+,其他,上市,etf
00909,國泰數位支付服務,其他,上市,etf
00910,第一金太空衛星,其他,上市,etf
00911,兆豐洲際半導體,其他,上市,etf
00912,中信臺灣智慧50,其他,上市,etf
00913,兆豐台灣晶圓製造,其他,上市,etf
00915,凱基優選高股息30,其他,上市,etf
00916,國泰全球品牌50,其他,上市,etf
00917,中信特選金融,其他,上市,etf
00918,大華優利高填息30,其他,上市,etf
00919,群益台灣精選高息,其他,上市,etf
00920,富邦ESG綠色電力,其他,上市,etf
00921,兆豐龍頭等權重,其他,上市,etf
00922,國泰台灣領袖50,其他,上市,etf
00923,群益台ESG低碳50,其他,上市,etf
00924,復華S&P500成長,其他,上市,etf
00926,凱基全球菁英55,其他,上市,etf
00927,群益半導體收益,其他,上市,etf
00929,復華台灣科技優息,其他,上市,etf
00930,永豐ESG低碳高息,其他,上市,etf
00932,兆豐永續高息等權,其他,上市,etf
00934,中信成長高股息,其他,上市,etf
00935,野村臺灣新科技50,其他,上市,etf
00936,台新永續高息中小,其他,上市,etf
00938,凱基優選30,其他,上市,etf
00939,統一台灣高息動能,其他,上市,etf
00940,元大台灣價值高息,其他,上市,etf
00941,中信上游半導體,其他,上市,etf
00943,兆豐電子高息等權,其他,上市,etf
00944,野村趨勢動能高息,其他,上市,etf
00945B,凱基美國非投等債,其他,上市,etf
00946,群益科技高息成長,其他,上市,etf
00947,台新臺灣IC設計,其他,上市,etf
00949,復華日本龍頭,其他,上市,etf
00951,台新日本半導體,其他,上市,etf
00952,凱基台灣AI50,其他,上市,etf
00953B,群益優選非投等債,其他,上市,etf
00954,中信日本半導體,其他,上市,etf
00956,中信日經高股息,其他,上市,etf
00960,野村全球航運龍頭,其他,上市,etf
00961,FT臺灣永續高息,其他,上市,etf
00962,台新AI優息動能,其他,上市,etf
00963,中信全球高股息,其他,上市,etf
00964,中信亞太高股息,其他,上市,etf
00965,元大航太防衛科技,其他,上市,etf
00971,野村美國研發龍頭,其他,上市,etf
00972,野村日本動能高息,其他,上市,etf
009800,中信NASDAQ,其他,上市,etf
009801,中信美國創新科技,其他,上市,etf
009802,富邦旗艦50,其他,上市,etf
009803,保德信市值動能50,其他,上市,etf
009804,聯邦台精彩50,其他,上市,etf
009805,新光美國電力基建,其他,上市,etf
009808,華南永昌優選50,其他,上市,etf
009809,富邦淨零ESG50,其他,上市,etf
00980A,主動野村臺灣優選,其他,上市,etf
009810,保德信全球藍籌,其他,上市,etf
009811,統一美國50,其他,上市,etf
009812,野村日本東證,其他,上市,etf
009813,貝萊德標普卓越50,其他,上市,etf
00981A,主動統一台股增長,其他,上市,etf
00981T,平衡凱基雙核收息,其他,上市,etf
00982A,主動群益台灣強棒,其他,上市,etf
00982D,主動富邦動態入息,其他,上市,etf
00982T,平衡兆豐台美動能,其他,上市,etf
00983A,主動中信ARK創新,其他,上市,etf
00983D,主動富邦複合收益,其他,上市,etf
00984A,主動安聯台灣高息,其他,上市,etf
00985A,主動野村台灣50,其他,上市,etf
00985B,群益ESG投等債0-5,其他,上市,etf
00986A,主動台新龍頭成長,其他,上市,etf
00988A,主動統一全球創新,其他,上市,etf
00989A,主動摩根美國科技,其他,上市,etf
00990A,主動元大AI新經濟,其他,上市,etf
00991A,主動復華未來50,其他,上市,etf
01001T,土銀富邦R1,其他,上市,stock
01002T,土銀國泰R1,其他,上市,stock
01004T,土銀富邦R2,其他,上市,stock
01007T,兆豐國泰R2,其他,上市,stock
01009T,王道圓滿R1,其他,上市,stock
01010T,京城樂富R1,其他,上市,stock
020000,富邦特選蘋果N,其他,上市,stock
020011,統一微波高息20N,其他,上市,stock
020012,富邦行動通訊N,其他,上市,stock
02001L,富邦蘋果正二N,其他,上市,stock
02001R,富邦蘋果反一N,其他,上市,stock
020020,元大台股領航N,其他,上市,stock
020028,元大特選電動車N,其他,上市,stock
020029,元大ESG高股息N,其他,上市,stock
020030,統一智慧電動車N,其他,上市,stock
020031,統一IC設計臺灣N,其他,上市,stock
020032,元大綠能N,其他,上市,stock
020034,元大IC設計N,其他,上市,stock
020036,元大金融配息N,其他,上市,stock
020037,元大金融高股息N,其他,上市,stock
020038,元大ESG配息N,其他,上市,stock
020039,元大加權N,其他,上市,stock
1101,台泥,水泥工業,上市,stock
1101B,台泥乙特,其他,上市,stock
1102,亞泥,水泥工業,上市,stock
1103,嘉泥,水泥工業,上市,stock
1104,環泥,水泥工業,上市,stock
1108,幸福,水泥工業,上市,stock
1109,信大,水泥工業,上市,stock
1110,東泥,水泥工業,上市,stock
1201,味全,食品工業,上市,stock
1203,味王,食品工業,上市,stock
1210,大成,食品工業,上市,stock
1213,大飲,食品工業,上市,stock
1215,卜蜂,食品工業,上市,stock
1216,統一,食品工業,上市,stock
1217,愛之味,食品工業,上市,stock
1218,泰山,食品工業,上市,stock
1219,福壽,食品工業,上市,stock
1220,台榮,食品工業,上市,stock
1225,福懋油,食品工業,上市,stock
1227,佳格,食品工業,上市,stock
1229,聯華,食品工業,上市,stock
1231,聯華食,食品工業,上市,stock
1232,大統益,食品工業,上市,stock
1233,天仁,食品工業,上市,stock
1234,黑松,食品工業,上市,stock
1235,興泰,食品工業,上市,stock
1236,宏亞,食品工業,上市,stock
1256,鮮活果汁-KY,食品工業,上市,stock
1301,台塑,塑膠工業,上市,stock
1303,南亞,塑膠工業,上市,stock
1304,台聚,塑膠工業,上市,stock
1305,華夏,塑膠工業,上市,stock
1307,三芳,塑膠工業,上市,stock
1308,亞聚,塑膠工業,上市,stock
1309,台達化,塑膠工業,上市,stock
1310,台苯,塑膠工業,上市,stock
1312,國喬,塑膠工業,上市,stock
1312A,國喬特,塑膠工業,上市,stock
1313,聯成,塑膠工業,上市,stock
1314,中石化,塑膠工業,上市,stock
1315,達新,塑膠工業,上市,stock
1316,上曜,建材營造業,上市,stock
1319,東陽,汽車工業,上市,stock
1321,大洋,塑膠工業,上市,stock
1323,永裕,塑膠工業,上市,stock
1324,地球,塑膠工業,上市,stock
1325,恆大,塑膠工業,上市,stock
1326,台化,塑膠工業,上市,stock
1337,再生-KY,塑膠工業,上市,stock
1338,廣華-KY,汽車工業,上市,stock
1339,昭輝,汽車工業,上市,stock
1340,勝悅-KY,塑膠工業,上市,stock
1341,富林-KY,塑膠工業,上市,stock
1342,八貫,其他業,上市,stock
1402,遠東新,紡織纖維,上市,stock
1409,新纖,紡織纖維,上市,stock
1410,南染,紡織纖維,上市,stock
1413,宏洲,紡織纖維,上市,stock
1414,東和,紡織纖維,上市,stock
1416,廣豐,其他業,上市,stock
1417,嘉裕,紡織纖維,上市,stock
1418,東華,紡織纖維,上市,stock
1419,新紡,紡織纖維,上市,stock
1423,利華,紡織纖維,上市,stock
1432,大魯閣,運動休閒,上市,stock
1434,福懋,紡織纖維,上市,stock
1435,中福,其他業,上市,stock
1436,華友聯,建材營造業,上市,stock
1437,勤益控,其他業,上市,stock
1438,三地開發,建材營造業,上市,stock
1439,雋揚,建材營造業,上市,stock
1440,南紡,紡織纖維,上市,stock
1441,大東,紡織纖維,上市,stock
1442,名軒,建材營造業,上市,stock
1443,立益物流,其他業,上市,stock
1444,力麗,紡織纖維,上市,stock
1445,大宇,紡織纖維,上市,stock
1446,宏和,紡織纖維,上市,stock
1447,力鵬,紡織纖維,上市,stock
1449,佳和,紡織纖維,上市,stock
1451,年興,紡織纖維,上市,stock
1452,宏益,紡織纖維,上市,stock
1453,大將,建材營造業,上市,stock
1454,台富,紡織纖維,上市,stock
1455,集盛,紡織纖維,上市,stock
1456,怡華,建材營造業,上市,stock
1457,宜進,紡織纖維,上市,stock
1459,聯發,紡織纖維,上市,stock
1460,宏遠,紡織纖維,上市,stock
1463,強盛新,紡織纖維,上市,stock
1464,得力,紡織纖維,上市,stock
1465,偉全,紡織纖維,上市,stock
1466,聚隆,紡織纖維,上市,stock
1467,南緯,紡織纖維,上市,stock
1468,昶和,紡織纖維,上市,stock
1470,大統新創,紡織纖維,上市,stock
1471,首利,電子零組件業,上市,stock
1472,三洋實業,建材營造業,上市,stock
1473,台南,紡織纖維,上市,stock
1474,弘裕,紡織纖維,上市,stock
1475,業旺,紡織纖維,上市,stock
1476,儒鴻,紡織纖維,上市,stock
1477,聚陽,紡織纖維,上市,stock
1503,士電,電機機械,上市,stock
1504,東元,電機機械,上市,stock
1506,正道,電機機械,上市,stock
1512,瑞利,汽車工業,上市,stock
1513,中興電,電機機械,上市,stock
1514,亞力,電機機械,上市,stock
1515,力山,電機機械,上市,stock
1516,川飛,其他業,上市,stock
1517,利奇,電機機械,上市,stock
1519,華城,電機機械,上市,stock
1521,大億,汽車工業,上市,stock
1522,堤維西,汽車工業,上市,stock
1522A,堤維西甲特,汽車工業,上市,stock
1524,耿鼎,汽車工業,上市,stock
1525,江申,汽車工業,上市,stock
1526,日馳,電機機械,上市,stock
1527,鑽全,電機機械,上市,stock
1528,恩德,電機機械,上市,stock
1529,樂事綠能,電機機械,上市,stock
1530,亞崴,電機機械,上市,stock
1531,高林股,電機機械,上市,stock
1532,勤美,電機機械,上市,stock
1533,車王電,汽車工業,上市,stock
1535,中宇,電機機械,上市,stock
1536,和大,汽車工業,上市,stock
1537,廣隆,電機機械,上市,stock
1538,正峰,電機機械,上市,stock
1539,巨庭,電機機械,上市,stock
1540,喬福,電機機械,上市,stock
1541,錩泰,電機機械,上市,stock
1558,伸興,電機機械,上市,stock
1560,中砂,電機機械,上市,stock
1563,巧新,汽車工業,上市,stock
1568,倉佑,汽車工業,上市,stock
1582,信錦,電子零組件業,上市,stock
1583,程泰,電機機械,上市,stock
1587,吉茂,汽車工業,上市,stock
1589,永冠-KY,電機機械,上市,stock
1590,亞德客-KY,電機機械,上市,stock
1597,直得,電機機械,上市,stock
1598,岱宇,運動休閒,上市,stock
1603,華電,電器電纜,上市,stock
1604,聲寶,電器電纜,上市,stock
1605,華新,電器電纜,上市,stock
1608,華榮,電器電纜,上市,stock
1609,大亞,電器電纜,上市,stock
1611,中電,電器電纜,上市,stock
1612,宏泰,電器電纜,上市,stock
1614,三洋電,電器電纜,上市,stock
1615,大山,電器電纜,上市,stock
1616,億泰,電器電纜,上市,stock
1617,榮星,電器電纜,上市,stock
1618,合機,電器電纜,上市,stock
1626,艾美特-KY,電器電纜,上市,stock
1702,南僑,食品工業,上市,stock
1707,葡萄王,生技醫療業,上市,stock
1708,東鹼,化學工業,上市,stock
1709,和益,化學工業,上市,stock
1710,東聯,化學工業,上市,stock
1711,永光,化學工業,上市,stock
1712,興農,化學工業,上市,stock
1713,國化,化學工業,上市,stock
1714,和桐,化學工業,上市,stock
1717,長興,化學工業,上市,stock
1718,中纖,化學工業,上市,stock
1720,生達,生技醫療業,上市,stock
1721,三晃,化學工業,上市,stock
1722,台肥,化學工業,上市,stock
1723,中碳,化學工業,上市,stock
1725,元禎,化學工業,上市,stock
1726,永記,化學工業,上市,stock
1727,中華化,化學工業,上市,stock
1730,花仙子,化學工業,上市,stock
1731,美吾華,生技醫療業,上市,stock
1732,毛寶,化學工業,上市,stock
1733,五鼎,生技醫療業,上市,stock
1734,杏輝,生技醫療業,上市,stock
1735,日勝化,化學工業,上市,stock
1736,喬山,運動休閒,上市,stock
1737,臺鹽,食品工業,上市,stock
1752,南光,生技醫療業,上市,stock
1760,寶齡富錦,生技醫療業,上市,stock
1762,中化生,生技醫療業,上市,stock
1773,勝一,化學工業,上市,stock
1776,展宇,化學工業,上市,stock
1783,和康生,生技醫療業,上市,stock
1786,科妍,生技醫療業,上市,stock
1789,神隆,生技醫療業,上市,stock
1795,美時,生技醫療業,上市,stock
1802,台玻,玻璃陶瓷,上市,stock
1805,寶徠,建材營造業,上市,stock
1806,冠軍,玻璃陶瓷,上市,stock
1808,潤隆,建材營造業,上市,stock
1809,中釉,玻璃陶瓷,上市,stock
1810,和成,玻璃陶瓷,上市,stock
1817,凱撒衛,玻璃陶瓷,上市,stock
1903,士紙,造紙工業,上市,stock
1904,正隆,造紙工業,上市,stock
1905,華紙,造紙工業,上市,stock
1906,寶隆,造紙工業,上市,stock
1907,永豐餘,造紙工業,上市,stock
1909,榮成,造紙工業,上市,stock
2002,中鋼,鋼鐵工業,上市,stock
2002A,中鋼特,鋼鐵工業,上市,stock
2006,東和鋼鐵,鋼鐵工業,上市,stock
2007,燁興,鋼鐵工業,上市,stock
2008,高興昌,鋼鐵工業,上市,stock
2009,第一銅,鋼鐵工業,上市,stock
2010,春源,鋼鐵工業,上市,stock
2012,春雨,鋼鐵工業,上市,stock
2013,中鋼構,鋼鐵工業,上市,stock
2014,中鴻,鋼鐵工業,上市,stock
2015,豐興,鋼鐵工業,上市,stock
2017,官田鋼,鋼鐵工業,上市,stock
2020,美亞,鋼鐵工業,上市,stock
2022,聚亨,鋼鐵工業,上市,stock
2023,燁輝,鋼鐵工業,上市,stock
2024,志聯,鋼鐵工業,上市,stock
2025,千興,鋼鐵工業,上市,stock
2027,大成鋼,鋼鐵工業,上市,stock
2028,威致,鋼鐵工業,上市,stock
2029,盛餘,鋼鐵工業,上市,stock
2030,彰源,鋼鐵工業,上市,stock
2031,新光鋼,鋼鐵工業,上市,stock
2032,新鋼,鋼鐵工業,上市,stock
2033,佳大,鋼鐵工業,上市,stock
2034,允強,鋼鐵工業,上市,stock
2038,海光,鋼鐵工業,上市,stock
2049,上銀,電機機械,上市,stock
2059,川湖,電子零組件業,上市,stock
2062,橋椿,居家生活,上市,stock
2069,運錩,鋼鐵工業,上市,stock
2101,南港,橡膠工業,上市,stock
2102,泰豐,橡膠工業,上市,stock
2103,台橡,橡膠工業,上市,stock
2104,國際中橡,橡膠工業,上市,stock
2105,正新,橡膠工業,上市,stock
2106,建大,橡膠工業,上市,stock
2107,厚生,橡膠工業,上市,stock
2108,南帝,橡膠工業,上市,stock
2109,華豐,橡膠工業,上市,stock
2114,鑫永銓,橡膠工業,上市,stock
2115,六暉-KY,汽車工業,上市,stock
2201,裕隆,汽車工業,上市,stock
2204,中華,汽車工業,上市,stock
2206,三陽工業,汽車工業,上市,stock
2207,和泰車,汽車工業,上市,stock
2208,台船,航運業,上市,stock
2211,長榮鋼,鋼鐵工業,上市,stock
2227,裕日車,汽車工業,上市,stock
2228,劍麟,汽車工業,上市,stock
2231,為升,汽車工業,上市,stock
2233,宇隆,汽車工業,上市,stock
2236,百達-KY,汽車工業,上市,stock
2239,英利-KY,汽車工業,上市,stock
2241,艾姆勒,汽車工業,上市,stock
2243,宏旭-KY,汽車工業,上市,stock
2247,汎德永業,汽車工業,上市,stock
2248,華勝-KY,其他,上市,stock
2250,IKKA-KY,汽車工業,上市,stock
2254,巨鎧精密-創,汽車工業,上市,stock
2258,鴻華先進-創,汽車工業,上市,stock
2301,光寶科,電腦及週邊設備業,上市,stock
2302,麗正,半導體業,上市,stock
2303,聯電,半導體業,上市,stock
2305,全友,電腦及週邊設備業,上市,stock
2308,台達電,電子零組件業,上市,stock
2312,金寶,其他電子業,上市,stock
2313,華通,電子零組件業,上市,stock
2314,台揚,通信網路業,上市,stock
2316,楠梓電,電子零組件業,上市,stock
2317,鴻海,其他電子業,上市,stock
2321,東訊,通信網路業,上市,stock
2323,中環,光電業,上市,stock
2324,仁寶,電腦及週邊設備業,上市,stock
2327,國巨*,電子零組件業,上市,stock
2328,廣宇,電子零組件業,上市,stock
2329,華泰,半導體業,上市,stock
2330,台積電,半導體業,上市,stock
2331,精英,電腦及週邊設備業,上市,stock
2332,友訊,通信網路業,上市,stock
2337,旺宏,半導體業,上市,stock
2338,光罩,半導體業,上市,stock
2340,台亞,半導體業,上市,stock
2342,茂矽,半導體業,上市,stock
2344,華邦電,半導體業,上市,stock
2345,智邦,通信網路業,上市,stock
2347,聯強,電子通路業,上市,stock
2348,海悅,其他業,上市,stock
2348A,海悅甲特,其他業,上市,stock
2349,錸德,光電業,上市,stock
2351,順德,半導體業,上市,stock
2352,佳世達,電腦及週邊設備業,上市,stock
2353,宏碁,電腦及週邊設備業,上市,stock
2354,鴻準,其他電子業,上市,stock
2355,敬鵬,電子零組件業,上市,stock
2356,英業達,電腦及週邊設備業,上市,stock
2357,華碩,電腦及週邊設備業,上市,stock
2359,所羅門,其他電子業,上市,stock
2360,致茂,其他電子業,上市,stock
2362,藍天,電腦及週邊設備業,上市,stock
2363,矽統,半導體業,上市,stock
2364,倫飛,電腦及週邊設備業,上市,stock
2365,昆盈,電腦及週邊設備業,上市,stock
2367,燿華,電子零組件業,上市,stock
2368,金像電,電子零組件業,上市,stock
2369,菱生,半導體業,上市,stock
2371,大同,電機機械,上市,stock
2373,震旦行,其他電子業,上市,stock
2374,佳能,光電業,上市,stock
2375,凱美,電子零組件業,上市,stock
2376,技嘉,電腦及週邊設備業,上市,stock
2377,微星,電腦及週邊設備業,上市,stock
2379,瑞昱,半導體業,上市,stock
2380,虹光,電腦及週邊設備業,上市,stock
2382,廣達,電腦及週邊設備業,上市,stock
2383,台光電,電子零組件業,上市,stock
2385,群光,電子零組件業,上市,stock
2387,精元,電腦及週邊設備業,上市,stock
2388,威盛,半導體業,上市,stock
2390,云辰,其他電子業,上市,stock
2392,正崴,電子零組件業,上市,stock
2393,億光,光電業,上市,stock
2395,研華,電腦及週邊設備業,上市,stock
2397,友通,電腦及週邊設備業,上市,stock
2399,映泰,電腦及週邊設備業,上市,stock
2401,凌陽,半導體業,上市,stock
2402,毅嘉,電子零組件業,上市,stock
2404,漢唐,其他電子業,上市,stock
2405,輔信,電腦及週邊設備業,上市,stock
2406,國碩,光電業,上市,stock
2408,南亞科,半導體業,上市,stock
2409,友達,光電業,上市,stock
2412,中華電,通信網路業,上市,stock
2413,環科,電子零組件業,上市,stock
2414,精技,電子通路業,上市,stock
2415,錩新,電子零組件業,上市,stock
2417,圓剛,電腦及週邊設備業,上市,stock
2419,仲琦,通信網路業,上市,stock
2420,新巨,電子零組件業,上市,stock
2421,建準,電子零組件業,上市,stock
2423,固緯,其他電子業,上市,stock
2424,隴華,通信網路業,上市,stock
2425,承啟,電腦及週邊設備業,上市,stock
2426,鼎元,光電業,上市,stock
2427,三商電,資訊服務業,上市,stock
2428,興勤,電子零組件業,上市,stock
2429,銘旺科,光電業,上市,stock
2430,燦坤,電子通路業,上市,stock
2431,聯昌,電子零組件業,上市,stock
2432,倚天酷碁-創,電腦及週邊設備業,上市,stock
2433,互盛電,其他電子業,上市,stock
2434,統懋,半導體業,上市,stock
2436,偉詮電,半導體業,上市,stock
2438,翔耀,光電業,上市,stock
2439,美律,通信網路業,上市,stock
2440,太空梭,電子零組件業,上市,stock
2441,超豐,半導體業,上市,stock
2442,新美齊,建材營造業,上市,stock
2444,兆勁,通信網路業,上市,stock
2449,京元電子,半導體業,上市,stock
2450,神腦,通信網路業,上市,stock
2451,創見,半導體業,上市,stock
2453,凌群,資訊服務業,上市,stock
2454,聯發科,半導體業,上市,stock
2455,全新,通信網路業,上市,stock
2457,飛宏,電子零組件業,上市,stock
2458,義隆,半導體業,上市,stock
2459,敦吉,其他電子業,上市,stock
2460,建通,電子零組件業,上市,stock
2461,光群雷,其他電子業,上市,stock
2462,良得電,電子零組件業,上市,stock
2464,盟立,其他電子業,上市,stock
2465,麗臺,電腦及週邊設備業,上市,stock
2466,冠西電,光電業,上市,stock
2467,志聖,電子零組件業,上市,stock
2468,華經,資訊服務業,上市,stock
2471,資通,資訊服務業,上市,stock
2472,立隆電,電子零組件業,上市,stock
2474,可成,其他電子業,上市,stock
2476,鉅祥,電子零組件業,上市,stock
2477,美隆電,其他電子業,上市,stock
2478,大毅,電子零組件業,上市,stock
2480,敦陽科,資訊服務業,上市,stock
2481,強茂,半導體業,上市,stock
2482,連宇,其他電子業,上市,stock
2483,百容,電子零組件業,上市,stock
2484,希華,電子零組件業,上市,stock
2485,兆赫,通信網路業,上市,stock
2486,一詮,光電業,上市,stock
2488,漢平,其他電子業,上市,stock
2489,瑞軒,光電業,上市,stock
2491,吉祥全,光電業,上市,stock
2492,華新科,電子零組件業,上市,stock
2493,揚博,電子零組件業,上市,stock
2495,普安,電腦及週邊設備業,上市,stock
2496,卓越,其他業,上市,stock
2497,怡利電,汽車工業,上市,stock
2498,宏達電,通信網路業,上市,stock
2501,國建,建材營造業,上市,stock
2504,國產,建材營造業,上市,stock
2505,國揚,建材營造業,上市,stock
2506,太設,建材營造業,上市,stock
2509,全坤建,建材營造業,上市,stock
2511,太子,建材營造業,上市,stock
2514,龍邦,其他業,上市,stock
2515,中工,建材營造業,上市,stock
2516,新建,建材營造業,上市,stock
2520,冠德,建材營造業,上市,stock
2524,京城,建材營造業,上市,stock
2527,宏璟,建材營造業,上市,stock
2528,皇普,建材營造業,上市,stock
2530,華建,建材營造業,上市,stock
2534,宏盛,建材營造業,上市,stock
2535,達欣工,建材營造業,上市,stock
2536,宏普,建材營造業,上市,stock
2537,聯上發,建材營造業,上市,stock
2538,基泰,建材營造業,上市,stock
2539,櫻花建,建材營造業,上市,stock
2540,愛山林,建材營造業,上市,stock
2542,興富發,建材營造業,上市,stock
2543,皇昌,建材營造業,上市,stock
2545,皇翔,建材營造業,上市,stock
2546,根基,建材營造業,上市,stock
2547,日勝生,建材營造業,上市,stock
2548,華固,建材營造業,上市,stock
2597,潤弘,建材營造業,上市,stock
2601,益航,貿易百貨業,上市,stock
2603,長榮,航運業,上市,stock
2605,新興,航運業,上市,stock
2606,裕民,航運業,上市,stock
2607,榮運,航運業,上市,stock
2608,嘉里大榮,航運業,上市,stock
2609,陽明,航運業,上市,stock
2610,華航,航運業,上市,stock
2611,志信,航運業,上市,stock
2612,中航,航運業,上市,stock
2613,中櫃,航運業,上市,stock
2614,東森,其他業,上市,stock
2615,萬海,航運業,上市,stock
2616,山隆,油電燃氣業,上市,stock
2617,台航,航運業,上市,stock
2618,長榮航,航運業,上市,stock
2630,亞航,航運業,上市,stock
2633,台灣高鐵,航運業,上市,stock
2634,漢翔,航運業,上市,stock
2636,台驊控股,航運業,上市,stock
2637,慧洋-KY,航運業,上市,stock
2642,宅配通,航運業,上市,stock
2645,長榮航太,航運業,上市,stock
2646,星宇航空,其他,上市,stock
2701,萬企,觀光餐旅,上市,stock
2702,華園,觀光餐旅,上市,stock
2704,國賓,觀光餐旅,上市,stock
2705,六福,觀光餐旅,上市,stock
2706,第一店,觀光餐旅,上市,stock
2707,晶華,觀光餐旅,上市,stock
2712,遠雄來,觀光餐旅,上市,stock
2722,夏都,觀光餐旅,上市,stock
2723,美食-KY,觀光餐旅,上市,stock
2727,王品,觀光餐旅,上市,stock
2731,雄獅,觀光餐旅,上市,stock
2739,寒舍,觀光餐旅,上市,stock
2748,雲品,觀光餐旅,上市,stock
2753,八方雲集,觀光餐旅,上市,stock
2762,世界健身-KY,運動休閒,上市,stock
2801,彰銀,金融保險業,上市,stock
2812,台中銀,金融保險業,上市,stock
2816,旺旺保,金融保險業,上市,stock
2820,華票,金融保險業,上市,stock
2832,台產,金融保險業,上市,stock
2834,臺企銀,金融保險業,上市,stock
2836,高雄銀,金融保險業,上市,stock
2836A,高雄銀甲特,金融保險業,上市,stock
2838,聯邦銀,金融保險業,上市,stock
2838A,聯邦銀甲特,金融保險業,上市,stock
2845,遠東銀,金融保險業,上市,stock
2849,安泰銀,金融保險業,上市,stock
2850,新產,金融保險業,上市,stock
2851,中再保,金融保險業,上市,stock
2852,第一保,金融保險業,上市,stock
2855,統一證,金融保險業,上市,stock
2867,三商壽,金融保險業,上市,stock
2880,華南金,金融保險業,上市,stock
2881,富邦金,金融保險業,上市,stock
2881A,富邦特,金融保險業,上市,stock
2881B,富邦金乙特,金融保險業,上市,stock
2881C,富邦金丙特,金融保險業,上市,stock
2882,國泰金,金融保險業,上市,stock
2882A,國泰特,金融保險業,上市,stock
2882B,國泰金乙特,金融保險業,上市,stock
2883,凱基金,金融保險業,上市,stock
2883B,凱基金乙特,金融保險業,上市,stock
2884,玉山金,金融保險業,上市,stock
2885,元大金,金融保險業,上市,stock
2886,兆豐金,金融保險業,上市,stock
2887,台新新光金,金融保險業,上市,stock
2887E,台新新光戊特一,金融保險業,上市,stock
2887F,台新新光戊特二,金融保險業,上市,stock
2887G,台新新光庚特一,其他,上市,stock
2887H,台新新光庚特二,其他,上市,stock
2887I,台新新光辛特,其他,上市,stock
2887Z1,台新新光己特,金融保險業,上市,stock
2889,國票金,金融保險業,上市,stock
2890,永豐金,金融保險業,上市,stock
2891,中信金,金融保險業,上市,stock
2891B,中信金乙特,金融保險業,上市,stock
2891C,中信金丙特,金融保險業,上市,stock
2892,第一金,金融保險業,上市,stock
2897,王道銀行,金融保險業,上市,stock
2897B,王道銀乙特,其他,上市,stock
2901,欣欣,貿易百貨業,上市,stock
2903,遠百,貿易百貨業,上市,stock
2904,匯僑,其他業,上市,stock
2905,三商,貿易百貨業,上市,stock
2906,高林,貿易百貨業,上市,stock
2908,特力,貿易百貨業,上市,stock
2910,統領,貿易百貨業,上市,stock
2911,麗嬰房,貿易百貨業,上市,stock
2912,統一超,貿易百貨業,上市,stock
2913,農林,貿易百貨業,上市,stock
2915,潤泰全,貿易百貨業,上市,stock
2923,鼎固-KY,建材營造業,上市,stock
2929,淘帝-KY,貿易百貨業,上市,stock
2939,永邑-KY,貿易百貨業,上市,stock
2945,三商家購,貿易百貨業,上市,stock
3002,歐格,電腦及週邊設備業,上市,stock
3003,健和興,電子零組件業,上市,stock
3004,豐達科,鋼鐵工業,上市,stock
3005,神基,電腦及週邊設備業,上市,stock
3006,晶豪科,半導體業,上市,stock
3008,大立光,光電業,上市,stock
3010,華立,電子通路業,上市,stock
3011,今皓,電子零組件業,上市,stock
3013,晟銘電,電腦及週邊設備業,上市,stock
3014,聯陽,半導體業,上市,stock
3015,全漢,電子零組件業,上市,stock
3016,嘉晶,半導體業,上市,stock
3017,奇鋐,電腦及週邊設備業,上市,stock
3018,隆銘綠能,其他電子業,上市,stock
3019,亞光,光電業,上市,stock
3021,鴻名,電子零組件業,上市,stock
3022,威強電,電腦及週邊設備業,上市,stock
3023,信邦,電子零組件業,上市,stock
3024,憶聲,光電業,上市,stock
3025,星通,通信網路業,上市,stock
3026,禾伸堂,電子零組件業,上市,stock
3027,盛達,通信網路業,上市,stock
3028,增你強,電子通路業,上市,stock
3029,零壹,資訊服務業,上市,stock
3030,德律,其他電子業,上市,stock
3031,佰鴻,光電業,上市,stock
3032,偉訓,電子零組件業,上市,stock
3033,威健,電子通路業,上市,stock
3034,聯詠,半導體業,上市,stock
3035,智原,半導體業,上市,stock
3036,文曄,電子通路業,上市,stock
3036A,文曄甲特,其他,上市,stock
3037,欣興,電子零組件業,上市,stock
3038,全台,光電業,上市,stock
3040,遠見,其他業,上市,stock
3041,揚智,半導體業,上市,stock
3042,晶技,電子零組件業,上市,stock
3043,科風,其他電子業,上市,stock
3044,健鼎,電子零組件業,上市,stock
3045,台灣大,通信網路業,上市,stock
3046,建碁,電腦及週邊設備業,上市,stock
3047,訊舟,通信網路業,上市,stock
3048,益登,電子通路業,上市,stock
3049,精金,光電業,上市,stock
3050,鈺德,光電業,上市,stock
3051,力特,光電業,上市,stock
3052,夆典,建材營造業,上市,stock
3054,立萬利,食品工業,上市,stock
3055,蔚華科,電子通路業,上市,stock
3056,富華新,建材營造業,上市,stock
3057,喬鼎,電腦及週邊設備業,上市,stock
3058,立德,電子零組件業,上市,stock
3059,華晶科,光電業,上市,stock
3060,銘異,電腦及週邊設備業,上市,stock
3062,建漢,通信網路業,上市,stock
3090,日電貿,電子零組件業,上市,stock
3092,鴻碩,電子零組件業,上市,stock
3094,聯傑,半導體業,上市,stock
3130,一零四,數位雲端,上市,stock
3135,凌航,其他,上市,stock
3138,耀登,通信網路業,上市,stock
3149,正達,光電業,上市,stock
3150,鈺寶-創,其他,上市,stock
3164,景岳,生技醫療業,上市,stock
3167,大量,電機機械,上市,stock
3168,眾福科,光電業,上市,stock
3189,景碩,半導體業,上市,stock
3209,全科,電子通路業,上市,stock
3229,晟鈦,電子零組件業,上市,stock
3231,緯創,電腦及週邊設備業,上市,stock
3257,虹冠電,半導體業,上市,stock
3266,昇陽,建材營造業,上市,stock
3296,勝德,電子零組件業,上市,stock
3305,昇貿,其他電子業,上市,stock
3308,聯德,電子零組件業,上市,stock
3311,閎暉,通信網路業,上市,stock
3312,弘憶股,電子通路業,上市,stock
3321,同泰,電子零組件業,上市,stock
3338,泰碩,電子零組件業,上市,stock
3346,麗清,汽車工業,上市,stock
3356,奇偶,光電業,上市,stock
3376,新日興,電子零組件業,上市,stock
3380,明泰,通信網路業,上市,stock
3406,玉晶光,光電業,上市,stock
3413,京鼎,半導體業,上市,stock
3416,融程電,電腦及週邊設備業,上市,stock
3419,譁裕,通信網路業,上市,stock
3432,台端,電子零組件業,上市,stock
3437,榮創,光電業,上市,stock
3443,創意,半導體業,上市,stock
3447,展達,通信網路業,上市,stock
3450,聯鈞,半導體業,上市,stock
3454,晶睿,光電業,上市,stock
3481,群創,光電業,上市,stock
3494,誠研,電腦及週邊設備業,上市,stock
3501,維熹,電子零組件業,上市,stock
3504,揚明光,光電業,上市,stock
3515,華擎,電腦及週邊設備業,上市,stock
3518,柏騰,其他電子業,上市,stock
3528,安馳,電子通路業,上市,stock
3530,晶相光,半導體業,上市,stock
3532,台勝科,半導體業,上市,stock
3533,嘉澤,電子零組件業,上市,stock
3535,晶彩科,光電業,上市,stock
3543,州巧,光電業,上市,stock
3545,敦泰,半導體業,上市,stock
3550,聯穎,電子零組件業,上市,stock
3557,嘉威,居家生活,上市,stock
3563,牧德,光電業,上市,stock
3576,聯合再生,光電業,上市,stock
3583,辛耘,半導體業,上市,stock
3588,通嘉,半導體業,上市,stock
3591,艾笛森,光電業,上市,stock
3592,瑞鼎,半導體業,上市,stock
3593,力銘,電子零組件業,上市,stock
3596,智易,通信網路業,上市,stock
3605,宏致,電子零組件業,上市,stock
3607,谷崧,電子零組件業,上市,stock
3617,碩天,其他電子業,上市,stock
3622,洋華,光電業,上市,stock
3645,達邁,電子零組件業,上市,stock
3652,精聯,電腦及週邊設備業,上市,stock
3653,健策,電子零組件業,上市,stock
3661,世芯-KY,半導體業,上市,stock
3665,貿聯-KY,其他電子業,上市,stock
3669,圓展,通信網路業,上市,stock
3673,TPK-KY,光電業,上市,stock
3679,新至陞,電子零組件業,上市,stock
3686,達能,半導體業,上市,stock
3694,海華,通信網路業,上市,stock
3701,大眾控,電腦及週邊設備業,上市,stock
3702,大聯大,電子通路業,上市,stock
3703,欣陸,建材營造業,上市,stock
3704,合勤控,通信網路業,上市,stock
3705,永信,生技醫療業,上市,stock
3706,神達,電腦及週邊設備業,上市,stock
3708,上緯投控,綠能環保,上市,stock
3711,日月光投控,半導體業,上市,stock
3712,永崴投控,電腦及週邊設備業,上市,stock
3714,富采,光電業,上市,stock
3715,定穎投控,電子零組件業,上市,stock
3716,中化控股,其他,上市,stock
3717,聯嘉投控,其他,上市,stock
4104,佳醫,生技醫療業,上市,stock
4106,雃博,生技醫療業,上市,stock
4108,懷特,生技醫療業,上市,stock
4119,旭富,生技醫療業,上市,stock
4133,亞諾法,生技醫療業,上市,stock
4137,麗豐-KY,生技醫療業,上市,stock
4142,國光生,生技醫療業,上市,stock
4148,全宇生技-KY,生技醫療業,上市,stock
4155,訊映,生技醫療業,上市,stock
4164,承業醫,生技醫療業,上市,stock
4190,佐登-KY,生技醫療業,上市,stock
4306,炎洲,塑膠工業,上市,stock
4414,如興,紡織纖維,上市,stock
4426,利勤,紡織纖維,上市,stock
4438,廣越,紡織纖維,上市,stock
4439,冠星-KY,紡織纖維,上市,stock
4440,宜新實業,紡織纖維,上市,stock
4441,振大環球,其他,上市,stock
4526,東台,電機機械,上市,stock
4532,瑞智,電機機械,上市,stock
4536,拓凱,運動休閒,上市,stock
4540,全球傳動,電機機械,上市,stock
4545,銘鈺,電子零組件業,上市,stock
4551,智伸科,汽車工業,上市,stock
4552,力達-KY,電機機械,上市,stock
4555,氣立,電機機械,上市,stock
4557,永新-KY,汽車工業,上市,stock
4560,強信-KY,電機機械,上市,stock
4562,穎漢,電機機械,上市,stock
4564,元翎,電機機械,上市,stock
4566,時碩工業,電機機械,上市,stock
4569,六方科-KY,汽車工業,上市,stock
4571,鈞興-KY,電機機械,上市,stock
4572,駐龍,電機機械,上市,stock
4576,大銀微系統,電機機械,上市,stock
4581,光隆精密-KY,汽車工業,上市,stock
4583,台灣精銳,電機機械,上市,stock
4585,達明,其他,上市,stock
4588,玖鼎電力,其他電子業,上市,stock
4720,德淵,化學工業,上市,stock
4722,國精化,化學工業,上市,stock
4736,泰博,生技醫療業,上市,stock
4737,華廣,生技醫療業,上市,stock
4739,康普,化學工業,上市,stock
4746,台耀,生技醫療業,上市,stock
4755,三福化,化學工業,上市,stock
4763,材料*-KY,化學工業,上市,stock
4764,雙鍵,化學工業,上市,stock
4766,南寶,化學工業,上市,stock
4770,上品,化學工業,上市,stock
4771,望隼,生技醫療業,上市,stock
4807,日成-KY,貿易百貨業,上市,stock
4904,遠傳,通信網路業,上市,stock
4906,正文,通信網路業,上市,stock
4912,聯德控股-KY,電子零組件業,上市,stock
4915,致伸,電子零組件業,上市,stock
4916,事欣科,電腦及週邊設備業,上市,stock
4919,新唐,半導體業,上市,stock
4927,泰鼎-KY,電子零組件業,上市,stock
4930,燦星網,電器電纜,上市,stock
4934,太極,光電業,上市,stock
4935,茂林-KY,光電業,上市,stock
4938,和碩,電腦及週邊設備業,上市,stock
4942,嘉彰,光電業,上市,stock
4943,康控-KY,電子零組件業,上市,stock
4949,有成精密,光電業,上市,stock
4952,凌通,半導體業,上市,stock
4956,光鋐,光電業,上市,stock
4958,臻鼎-KY,電子零組件業,上市,stock
4960,誠美材,光電業,上市,stock
4961,天鈺,半導體業,上市,stock
4967,十銓,半導體業,上市,stock
4968,立積,半導體業,上市,stock
4976,佳凌,光電業,上市,stock
4977,眾達-KY,通信網路業,上市,stock
4989,榮科,電子零組件業,上市,stock
4994,傳奇,資訊服務業,上市,stock
4999,鑫禾,電子零組件業,上市,stock
5007,三星,鋼鐵工業,上市,stock
5203,訊連,資訊服務業,上市,stock
5215,科嘉-KY,電腦及週邊設備業,上市,stock
5222,全訊,半導體業,上市,stock
5225,東科-KY,其他電子業,上市,stock
5234,達興材料,光電業,上市,stock
5243,乙盛-KY,光電業,上市,stock
5244,弘凱,光電業,上市,stock
5258,虹堡,電腦及週邊設備業,上市,stock
5269,祥碩,半導體業,上市,stock
5283,禾聯碩,電器電纜,上市,stock
5284,jpp-KY,其他業,上市,stock
5285,界霖,半導體業,上市,stock
5288,豐祥-KY,電機機械,上市,stock
5292,華懋,綠能環保,上市,stock
5306,桂盟,運動休閒,上市,stock
5388,中磊,通信網路業,上市,stock
5434,崇越,電子通路業,上市,stock
5469,瀚宇博,電子零組件業,上市,stock
5471,松翰,半導體業,上市,stock
5484,慧友,光電業,上市,stock
5515,建國,建材營造業,上市,stock
5519,隆大,建材營造業,上市,stock
5521,工信,建材營造業,上市,stock
5522,遠雄,建材營造業,上市,stock
5525,順天,建材營造業,上市,stock
5531,鄉林,建材營造業,上市,stock
5533,皇鼎,建材營造業,上市,stock
5534,長虹,建材營造業,上市,stock
5538,東明-KY,鋼鐵工業,上市,stock
5546,永固-KY,建材營造業,上市,stock
5607,遠雄港,航運業,上市,stock
5608,四維航,航運業,上市,stock
5706,鳳凰,觀光餐旅,上市,stock
5871,中租-KY,其他業,上市,stock
5871A,中租-KY甲特,其他業,上市,stock
5876,上海商銀,金融保險業,上市,stock
5880,合庫金,金融保險業,上市,stock
5906,台南-KY,貿易百貨業,上市,stock
5907,大洋-KY,貿易百貨業,上市,stock
6005,群益證,金融保險業,上市,stock
6024,群益期,金融保險業,上市,stock
6108,競國,電子零組件業,上市,stock
6112,邁達特,資訊服務業,上市,stock
6115,鎰勝,電子零組件業,上市,stock
6116,彩晶,光電業,上市,stock
6117,迎廣,電腦及週邊設備業,上市,stock
6120,達運,光電業,上市,stock
6128,上福,電腦及週邊設備業,上市,stock
6133,金橋,電子零組件業,上市,stock
6136,富爾特,通信網路業,上市,stock
6139,亞翔,其他電子業,上市,stock
6141,柏承,電子零組件業,上市,stock
6142,友勁,通信網路業,上市,stock
6152,百一,通信網路業,上市,stock
6153,嘉聯益,電子零組件業,上市,stock
6155,鈞寶,電子零組件業,上市,stock
6164,華興,光電業,上市,stock
6165,浪凡,數位雲端,上市,stock
6166,凌華,電腦及週邊設備業,上市,stock
6168,宏齊,光電業,上市,stock
6176,瑞儀,光電業,上市,stock
6177,達麗,建材營造業,上市,stock
6183,關貿,資訊服務業,上市,stock
6184,大豐電,其他業,上市,stock
6189,豐藝,電子通路業,上市,stock
6191,精成科,電子零組件業,上市,stock
6192,巨路,其他電子業,上市,stock
6196,帆宣,其他電子業,上市,stock
6197,佳必琪,電子零組件業,上市,stock
6201,亞弘電,其他電子業,上市,stock
6202,盛群,半導體業,上市,stock
6205,詮欣,電子零組件業,上市,stock
6206,飛捷,電腦及週邊設備業,上市,stock
6209,今國光,光電業,上市,stock
6213,聯茂,電子零組件業,上市,stock
6214,精誠,資訊服務業,上市,stock
6215,和椿,其他電子業,上市,stock
6216,居易,通信網路業,上市,stock
6224,聚鼎,電子零組件業,上市,stock
6225,天瀚,光電業,上市,stock
6226,光鼎,光電業,上市,stock
6230,尼得科超眾,電腦及週邊設備業,上市,stock
6235,華孚,電腦及週邊設備業,上市,stock
6239,力成,半導體業,上市,stock
6243,迅杰,半導體業,上市,stock
6257,矽格,半導體業,上市,stock
6269,台郡,電子零組件業,上市,stock
6271,同欣電,半導體業,上市,stock
6272,驊陞,其他,上市,stock
6277,宏正,電腦及週邊設備業,上市,stock
6278,台表科,光電業,上市,stock
6281,全國電,電子通路業,上市,stock
6282,康舒,電子零組件業,上市,stock
6283,淳安,其他電子業,上市,stock
6285,啟碁,通信網路業,上市,stock
6405,悅城,光電業,上市,stock
6409,旭隼,其他電子業,上市,stock
6412,群電,電子零組件業,上市,stock
6414,樺漢,電腦及週邊設備業,上市,stock
6415,矽力*-KY,半導體業,上市,stock
6416,瑞祺電通,通信網路業,上市,stock
6423,億而得-創,半導體業,上市,stock
6426,統新,通信網路業,上市,stock
6431,光麗-KY,生技醫療業,上市,stock
6438,迅得,其他電子業,上市,stock
6442,光聖,通信網路業,上市,stock
6443,元晶,光電業,上市,stock
6446,藥華藥,生技醫療業,上市,stock
6449,鈺邦,電子零組件業,上市,stock
6451,訊芯-KY,半導體業,上市,stock
6456,GIS-KY,光電業,上市,stock
6464,台數科,其他業,上市,stock
6472,保瑞,生技醫療業,上市,stock
6477,安集,光電業,上市,stock
6491,晶碩,生技醫療業,上市,stock
6504,南六,其他業,上市,stock
6505,台塑化,油電燃氣業,上市,stock
6515,穎崴,半導體業,上市,stock
6525,捷敏-KY,半導體業,上市,stock
6526,達發,半導體業,上市,stock
6531,愛普*,半導體業,上市,stock
6533,晶心科,半導體業,上市,stock
6534,正瀚-創,生技醫療業,上市,stock
6541,泰福-KY,生技醫療業,上市,stock
6550,北極星藥業-KY,生技醫療業,上市,stock
6552,易華電,半導體業,上市,stock
6558,興能高,其他電子業,上市,stock
6573,虹揚-KY,半導體業,上市,stock
6579,研揚,電腦及週邊設備業,上市,stock
6581,鋼聯,綠能環保,上市,stock
6582,申豐,橡膠工業,上市,stock
6585,鼎基,其他業,上市,stock
6589,台康生技,生技醫療業,上市,stock
6591,動力-KY,電腦及週邊設備業,上市,stock
6592,和潤企業,其他業,上市,stock
6592A,和潤企業甲特,其他業,上市,stock
6592B,和潤企業乙特,其他,上市,stock
6598,ABC-KY,生技醫療業,上市,stock
6605,帝寶,汽車工業,上市,stock
6606,建德工業,電機機械,上市,stock
6614,資拓宏宇,其他,上市,stock
6625,必應,其他業,上市,stock
6641,基士德-KY,綠能環保,上市,stock
6645,金萬林-創,生技醫療業,上市,stock
6655,科定,其他業,上市,stock
6657,華安,生技醫療業,上市,stock
6658,聯策,其他電子業,上市,stock
6666,羅麗芬-KY,生技醫療業,上市,stock
6668,中揚光,光電業,上市,stock
6669,緯穎,電腦及週邊設備業,上市,stock
6670,復盛應用,運動休閒,上市,stock
6671,三能-KY,居家生活,上市,stock
6672,騰輝電子-KY,電子零組件業,上市,stock
6674,鋐寶科技,通信網路業,上市,stock
6689,伊雲谷,數位雲端,上市,stock
6691,洋基工程,其他電子業,上市,stock
6695,芯鼎,半導體業,上市,stock
6698,旭暉應材,其他電子業,上市,stock
6706,惠特,光電業,上市,stock
6715,嘉基,電子零組件業,上市,stock
6719,力智,半導體業,上市,stock
6742,澤米,光電業,上市,stock
6743,安普新,其他電子業,上市,stock
6753,龍德造船,航運業,上市,stock
6754,匯僑設計,居家生活,上市,stock
6756,威鋒電子,半導體業,上市,stock
6757,台灣虎航,航運業,上市,stock
6768,志強-KY,運動休閒,上市,stock
6770,力積電,半導體業,上市,stock
6771,平和環保-創,其他,上市,stock
6776,展碁國際,電子通路業,上市,stock
6781,AES-KY,電子零組件業,上市,stock
6782,視陽,生技醫療業,上市,stock
6789,采鈺,半導體業,上市,stock
6790,永豐實,造紙工業,上市,stock
6792,詠業,通信網路業,上市,stock
6794,向榮生技,其他,上市,stock
6796,晉弘,生技醫療業,上市,stock
6799,來頡,半導體業,上市,stock
6805,富世達,電子零組件業,上市,stock
6806,森崴能源,綠能環保,上市,stock
6807,峰源-KY,居家生活,上市,stock
6830,汎銓,其他電子業,上市,stock
6831,邁科,其他,上市,stock
6834,天二科技,電子零組件業,上市,stock
6835,圓裕,電子零組件業,上市,stock
6838,台新藥,其他,上市,stock
6854,錼創科技-KY創,半導體業,上市,stock
6861,睿生光電,生技醫療業,上市,stock
6862,三集瑞-KY,其他,上市,stock
6863,永道-KY,通信網路業,上市,stock
6869,雲豹能源,綠能環保,上市,stock
6873,泓德能源,綠能環保,上市,stock
6885,全福生技,其他,上市,stock
6887,寶綠特-KY,其他,上市,stock
6890,來億-KY,其他,上市,stock
6901,鑽石投資,其他業,上市,stock
6902,GOGOLOOK,數位雲端,上市,stock
6906,現觀科,數位雲端,上市,stock
6909,創控,其他,上市,stock
6914,阜爾運通,其他業,上市,stock
6916,華凌,光電業,上市,stock
6918,愛派司,其他,上市,stock
6919,康霈*,其他,上市,stock
6921,嘉雨思-創,其他,上市,stock
6923,中台,其他,上市,stock
6924,榮惠-KY創,其他,上市,stock
6928,攸泰科技,電腦及週邊設備業,上市,stock
6931,青松健康,其他,上市,stock
6933,AMAX-KY,電腦及週邊設備業,上市,stock
6936,永鴻生技,其他,上市,stock
6937,天虹,半導體業,上市,stock
6944,兆聯實業,其他,上市,stock
6949,沛爾生醫-創,生技醫療業,上市,stock
6951,青新-創,其他,上市,stock
6952,大武山,其他,上市,stock
6955,邦睿生技-創,其他,上市,stock
6957,裕慶-KY,其他,上市,stock
6958,日盛台駿,其他,上市,stock
6962,奕力-KY,其他,上市,stock
6965,中傑-KY,其他,上市,stock
6969,成信實業*-創,其他,上市,stock
6988,威力暘-創,其他,上市,stock
6994,富威電力,其他,上市,stock
7610,聯友金屬-創,其他,上市,stock
7631,聚賢研發-創,其他,上市,stock
7705,三商餐飲,其他,上市,stock
7711,永擎,其他,上市,stock
7721,微程式,其他,上市,stock
7722,LINEPAY,其他,上市,stock
7730,暉盛-創,其他,上市,stock
7732,金興精密,其他,上市,stock
7736,虎山,其他,上市,stock
7740,熙特爾-創,其他,上市,stock
7749,意騰-KY,其他,上市,stock
7750,新代,其他,上市,stock
7765,中華資安,其他,上市,stock
7769,鴻勁,其他,上市,stock
7780,大研生醫,其他,上市,stock
7786,東方風能,其他,上市,stock
7788,松川精密,其他,上市,stock
7791,皇家可口,其他,上市,stock
7799,禾榮科,其他,上市,stock
8011,台通,通信網路業,上市,stock
8016,矽創,半導體業,上市,stock
8021,尖點,其他電子業,上市,stock
8028,昇陽半導體,半導體業,上市,stock
8033,雷虎,其他業,上市,stock
8039,台虹,電子零組件業,上市,stock
8045,達運光電,其他,上市,stock
8046,南電,電子零組件業,上市,stock
8070,長華*,電子通路業,上市,stock
8072,陞泰,電子通路業,上市,stock
8081,致新,半導體業,上市,stock
8101,華冠,通信網路業,上市,stock
8103,瀚荃,電子零組件業,上市,stock
8104,錸寶,光電業,上市,stock
8105,凌巨,光電業,上市,stock
8110,華東,半導體業,上市,stock
8112,至上,電子通路業,上市,stock
8112A,至上甲特,電子通路業,上市,stock
8114,振樺電,電腦及週邊設備業,上市,stock
8131,福懋科,半導體業,上市,stock
8150,南茂,半導體業,上市,stock
8162,微矽電子-創,半導體業,上市,stock
8163,達方,電腦及週邊設備業,上市,stock
8201,無敵,其他電子業,上市,stock
8210,勤誠,電腦及週邊設備業,上市,stock
8213,志超,電子零組件業,上市,stock
8215,明基材,光電業,上市,stock
8222,寶一,電機機械,上市,stock
8249,菱光,電子零組件業,上市,stock
8261,富鼎,半導體業,上市,stock
8271,宇瞻,半導體業,上市,stock
8341,日友,綠能環保,上市,stock
8367,建新國際,航運業,上市,stock
8374,羅昇,電機機械,上市,stock
8404,百和興業-KY,其他業,上市,stock
8411,福貞-KY,其他業,上市,stock
8422,可寧衛*,綠能環保,上市,stock
8429,金麗-KY,貿易百貨業,上市,stock
8438,昶昕,綠能環保,上市,stock
8442,威宏-KY,其他業,上市,stock
8443,阿瘦,貿易百貨業,上市,stock
8454,富邦媒,數位雲端,上市,stock
8462,柏文,運動休閒,上市,stock
8463,潤泰材,其他業,上市,stock
8464,億豐,居家生活,上市,stock
8466,美吉吉-KY,其他業,上市,stock
8467,波力-KY,運動休閒,上市,stock
8473,山林水,綠能環保,上市,stock
8476,台境*,綠能環保,上市,stock
8478,東哥遊艇,運動休閒,上市,stock
8481,政伸,其他業,上市,stock
8482,商億-KY,居家生活,上市,stock
8487,愛爾達-創,數位雲端,上市,stock
8488,吉源-KY,其他業,上市,stock
8499,鼎炫-KY,其他電子業,上市,stock
8926,台汽電,油電燃氣業,上市,stock
8940,新天地,觀光餐旅,上市,stock
8996,高力,電機機械,上市,stock
9103,美德醫療-DR,其他,上市,stock
910322,康師傅-DR,其他,上市,stock
9105,泰金寶-DR,其他,上市,stock
910861,神州-DR,其他,上市,stock
9110,越南控-DR,其他,上市,stock
911608,明輝-DR,其他,上市,stock
911622,泰聚亨-DR,其他,上市,stock
911868,同方友友-DR,其他,上市,stock
912000,晨訊科-DR,其他,上市,stock
9136,巨騰-DR,其他,上市,stock
9802,鈺齊-KY,運動休閒,上市,stock
9902,台火,其他業,上市,stock
9904,寶成,運動休閒,上市,stock
9905,大華,其他業,上市,stock
9906,欣巴巴,建材營造業,上市,stock
9907,統一實,其他業,上市,stock
9908,大台北,油電燃氣業,上市,stock
9910,豐泰,運動休閒,上市,stock
9911,櫻花,居家生活,上市,stock
9912,偉聯,電腦及週邊設備業,上市,stock
9914,美利達,運動休閒,上市,stock
9917,中保科,其他業,上市,stock
9918,欣天然,油電燃氣業,上市,stock
9919,康那香,其他業,上市,stock
9921,巨大,運動休閒,上市,stock
9924,福興,居家生活,上市,stock
9925,新保,其他業,上市,stock
9926,新海,油電燃氣業,上市,stock
9927,泰銘,其他業,上市,stock
9928,中視,其他業,上市,stock
9929,秋雨,其他業,上市,stock
9930,中聯資源,綠能環保,上市,stock
9931,欣高,油電燃氣業,上市,stock
9933,中鼎,其他業,上市,stock
9934,成霖,居家生活,上市,stock
9935,慶豐富,居家生活,上市,stock
9937,全國,油電燃氣業,上市,stock
9938,百和,其他業,上市,stock
9939,宏全,其他業,上市,stock
9940,信義,其他業,上市,stock
9941,裕融,其他業,上市,stock
9941A,裕融甲特,其他業,上市,stock
9942,茂順,其他業,上市,stock
9943,好樂迪,觀光餐旅,上市,stock
9944,新麗,其他業,上市,stock
9945,潤泰新,其他業,上市,stock
9946,三發地產,建材營造業,上市,stock
9955,佳龍,綠能環保,上市,stock
9958,世紀鋼,鋼鐵工業,上市,stock
00679B,元大美債20年,其他,上櫃,etf
00687B,國泰20年美債,其他,上櫃,etf
00687C,國泰20年美債+櫃U,其他,上櫃,etf
00694B,富邦美債1-3,其他,上櫃,etf
00695B,富邦美債7-10,其他,上櫃,etf
00696B,富邦美債20年,其他,上櫃,etf
00697B,元大美債7-10,其他,上櫃,etf
00719B,元大美債1-3,其他,上櫃,etf
00720B,元大投資級公司債,其他,上櫃,etf
00722B,群益投資級電信債,其他,上櫃,etf
00723B,群益投資級科技債,其他,上櫃,etf
00724B,群益投資級金融債,其他,上櫃,etf
00725B,國泰投資級公司債,其他,上櫃,etf
00726B,國泰新興投等債,其他,上櫃,etf
00727B,國泰優選非投等債,其他,上櫃,etf
00734B,台新JPM新興債,其他,上櫃,etf
00740B,富邦全球投等債,其他,上櫃,etf
00741B,富邦全球非投等債,其他,上櫃,etf
00746B,富邦A級公司債,其他,上櫃,etf
00749B,凱基新興債10+,其他,上櫃,etf
00750B,凱基科技債10+,其他,上櫃,etf
00751B,元大AAA至A公司債,其他,上櫃,etf
00754B,群益AAA-AA公司債,其他,上櫃,etf
00755B,群益投資級公用債,其他,上櫃,etf
00756B,群益投等新興公債,其他,上櫃,etf
00758B,復華能源債,其他,上櫃,etf
00759B,復華製藥債,其他,上櫃,etf
00760B,復華新興企業債,其他,上櫃,etf
00761B,國泰A級公司債,其他,上櫃,etf
00764B,群益25年美債,其他,上櫃,etf
00768B,復華20年美債,其他,上櫃,etf
00772B,中信高評級公司債,其他,上櫃,etf
00773B,中信優先金融債,其他,上櫃,etf
00777B,凱基AAA至A公司債,其他,上櫃,etf
00778B,凱基金融債20+,其他,上櫃,etf
00779B,凱基美債25+,其他,上櫃,etf
00780B,國泰A級金融債,其他,上櫃,etf
00781B,國泰A級科技債,其他,上櫃,etf
00782B,國泰A級公用債,其他,上櫃,etf
00785B,富邦金融投等債,其他,上櫃,etf
00786B,元大10年IG銀行債,其他,上櫃,etf
00787B,元大10年IG醫療債,其他,上櫃,etf
00788B,元大10年IG電能債,其他,上櫃,etf
00789B,復華公司債A3,其他,上櫃,etf
00791B,復華信用債1-5,其他,上櫃,etf
00792B,群益A級公司債,其他,上櫃,etf
00793B,群益AAA-A醫療債,其他,上櫃,etf
00795B,中信美國公債20年,其他,上櫃,etf
00799B,國泰A級醫療債,其他,上櫃,etf
00834B,第一金金融債10+,其他,上櫃,etf
00836B,永豐10年A公司債,其他,上櫃,etf
00840B,凱基IG精選15+,其他,上櫃,etf
00841B,凱基AAA-AA公司債,其他,上櫃,etf
00842B,台新美元銀行債,其他,上櫃,etf
00844B,新光15年IG金融債,其他,上櫃,etf
00845B,富邦新興投等債,其他,上櫃,etf
00846B,富邦歐洲銀行債,其他,上櫃,etf
00847B,中信美國市政債,其他,上櫃,etf
00848B,中信新興亞洲債,其他,上櫃,etf
00849B,中信EM主權債0-5,其他,上櫃,etf
00853B,統一美債10年Aa-A,其他,上櫃,etf
00856B,永豐1-3年美公債,其他,上櫃,etf
00857B,永豐20年美公債,其他,上櫃,etf
00858,永豐美國500大,其他,上櫃,etf
00859B,群益0-1年美債,其他,上櫃,etf
00860B,群益1-5Y投資級債,其他,上櫃,etf
00862B,中信投資級公司債,其他,上櫃,etf
00863B,中信全球電信債,其他,上櫃,etf
00864B,中信美國公債0-1,其他,上櫃,etf
00867B,新光A-BBB電信債,其他,上櫃,etf
00870B,元大15年EM主權債,其他,上櫃,etf
00877,復華中國5G,其他,上櫃,etf
00883B,中信ESG投資級債,其他,上櫃,etf
00884B,中信低碳新興債,其他,上櫃,etf
00886,永豐美國科技,其他,上櫃,etf
00887,永豐中國科技50大,其他,上櫃,etf
00888,永豐台灣ESG,其他,上櫃,etf
00890B,凱基ESG BBB債15+,其他,上櫃,etf
00928,中信上櫃ESG 30,其他,上櫃,etf
00931B,統一美債20年,其他,上櫃,etf
00933B,國泰10Y+金融債,其他,上櫃,etf
00937B,群益ESG投等債20+,其他,上櫃,etf
00942B,台新美A公司債20+,其他,上櫃,etf
00948B,中信優息投資級債,其他,上櫃,etf
00950B,凱基A級公司債,其他,上櫃,etf
00955,中信日本商社,其他,上櫃,etf
00957B,兆豐US優選投等債,其他,上櫃,etf
00958B,永豐ESG銀行債15+,其他,上櫃,etf
00959B,大華投等美債15Y+,其他,上櫃,etf
00966B,統一ESG投等債15+,其他,上櫃,etf
00967B,元大優息美債,其他,上櫃,etf
00968B,元大優息投等債,其他,上櫃,etf
00969B,元大零息超長美債,其他,上櫃,etf
00970B,新光BBB投等債20+,其他,上櫃,etf
00980B,台新特選IG債10+,其他,上櫃,etf
00980D,主動聯博投等入息,其他,上櫃,etf
00980T,平衡凱基美國TOP,其他,上櫃,etf
00981B,第一金優選非投債,其他,上櫃,etf
00981D,主動中信非投等債,其他,上櫃,etf
00982B,FT投資級債20+,其他,上櫃,etf
00983B,大華優利美公債20,其他,上櫃,etf
00984B,大華優利美A債15,其他,上櫃,etf
00986B,FT金融債10+,其他,上櫃,etf
1240,茂生農經,農業科技業,上櫃,stock
1259,安心,觀光餐旅,上櫃,stock
1264,德麥,食品工業,上櫃,stock
1268,漢來美食,觀光餐旅,上櫃,stock
1294,漢田生技,其他,上櫃,stock
1295,生合,其他,上櫃,stock
1336,台翰,電子零組件業,上櫃,stock
1565,精華,生技醫療業,上櫃,stock
1569,濱川,電腦及週邊設備業,上櫃,stock
1570,力肯,電機機械,上櫃,stock
1580,新麥,電機機械,上櫃,stock
1584,精剛,其他業,上櫃,stock
1586,和勤,電機機械,上櫃,stock
1591,駿吉-KY,電機機械,上櫃,stock
1593,祺驊,運動休閒,上櫃,stock
1595,川寶,電子零組件業,上櫃,stock
1599,宏佳騰,電機機械,上櫃,stock
1742,台蠟,化學工業,上櫃,stock
1777,生泰,生技醫療業,上櫃,stock
1781,合世,生技醫療業,上櫃,stock
1784,訊聯,生技醫療業,上櫃,stock
1785,光洋科,其他電子業,上櫃,stock
1788,杏昌,生技醫療業,上櫃,stock
1796,金穎生技,食品工業,上櫃,stock
1799,易威,生技醫療業,上櫃,stock
1813,寶利徠,生技醫療業,上櫃,stock
1815,富喬,電子零組件業,上櫃,stock
2035,唐榮,鋼鐵工業,上櫃,stock
2061,風青,電器電纜,上櫃,stock
2063,世鎧,鋼鐵工業,上櫃,stock
2064,晉椿,鋼鐵工業,上櫃,stock
2065,世豐,鋼鐵工業,上櫃,stock
2066,世德,電機機械,上櫃,stock
2067,嘉鋼,電機機械,上櫃,stock
2070,精湛,電機機械,上櫃,stock
2073,雄順,鋼鐵工業,上櫃,stock
2221,大甲,其他業,上櫃,stock
2230,泰茂,電機機械,上櫃,stock
2235,謚源,電機機械,上櫃,stock
2596,綠意,建材營造業,上櫃,stock
2640,大車隊,數位雲端,上櫃,stock
2641,正德,航運業,上櫃,stock
2643,捷迅,航運業,上櫃,stock
2718,全心投控,建材營造業,上櫃,stock
2719,燦星旅,觀光餐旅,上櫃,stock
2724,藝舍-KY,觀光餐旅,上櫃,stock
2726,雅茗-KY,觀光餐旅,上櫃,stock
2729,瓦城,觀光餐旅,上櫃,stock
2732,六角,觀光餐旅,上櫃,stock
2734,易飛網,觀光餐旅,上櫃,stock
2736,富野,觀光餐旅,上櫃,stock
2740,天蔥,觀光餐旅,上櫃,stock
2743,山富,觀光餐旅,上櫃,stock
2745,五福,觀光餐旅,上櫃,stock
2751,王座,其他,上櫃,stock
2752,豆府,觀光餐旅,上櫃,stock
2754,亞洲藏壽司,觀光餐旅,上櫃,stock
2755,揚秦,觀光餐旅,上櫃,stock
2756,聯發國際,觀光餐旅,上櫃,stock
2916,滿心,居家生活,上櫃,stock
2924,宏太-KY,居家生活,上櫃,stock
2926,誠品生活,文化創意業,上櫃,stock
2937,集雅社,居家生活,上櫃,stock
2941,米斯特,居家生活,上櫃,stock
2947,振宇五金,居家生活,上櫃,stock
2948,寶陞,居家生活,上櫃,stock
2949,欣新網,數位雲端,上櫃,stock
3064,泰偉,文化創意業,上櫃,stock
3066,李洲,光電業,上櫃,stock
3067,全域,其他電子業,上櫃,stock
3071,協禧,電腦及週邊設備業,上櫃,stock
3073,天方能源,綠能環保,上櫃,stock
3078,僑威,電子零組件業,上櫃,stock
3081,聯亞,通信網路業,上櫃,stock
3083,網龍,文化創意業,上櫃,stock
3085,新零售,數位雲端,上櫃,stock
3086,華義,文化創意業,上櫃,stock
3088,艾訊,電腦及週邊設備業,上櫃,stock
3093,港建*,其他電子業,上櫃,stock
3095,及成,通信網路業,上櫃,stock
3105,穩懋,半導體業,上櫃,stock
3114,好德,電子零組件業,上櫃,stock
3115,富榮綱,電子零組件業,上櫃,stock
3118,進階,生技醫療業,上櫃,stock
3122,笙泉,半導體業,上櫃,stock
3128,昇銳,光電業,上櫃,stock
3131,弘塑,其他電子業,上櫃,stock
3141,晶宏,半導體業,上櫃,stock
3147,大綜,資訊服務業,上櫃,stock
3152,璟德,通信網路業,上櫃,stock
3158,嘉實,其他,上櫃,stock
3162,精確,電機機械,上櫃,stock
3163,波若威,通信網路業,上櫃,stock
3169,亞信,半導體業,上櫃,stock
3171,炎洲流通,居家生活,上櫃,stock
3176,基亞,生技醫療業,上櫃,stock
3178,公準,半導體業,上櫃,stock
3188,鑫龍騰,建材營造業,上櫃,stock
3191,雲嘉南,電子零組件業,上櫃,stock
3205,佰研,生技醫療業,上櫃,stock
3206,志豐,電子零組件業,上櫃,stock
3207,耀勝,電子零組件業,上櫃,stock
3211,順達,電腦及週邊設備業,上櫃,stock
3213,茂訊,電腦及週邊設備業,上櫃,stock
3217,優群,電子零組件業,上櫃,stock
3218,大學光,生技醫療業,上櫃,stock
3219,倚強科,其他電子業,上櫃,stock
3221,台嘉碩,通信網路業,上櫃,stock
3224,三顧,電子通路業,上櫃,stock
3226,龍鋒,電機機械,上櫃,stock
3227,原相,半導體業,上櫃,stock
3228,金麗科,半導體業,上櫃,stock
3230,錦明,光電業,上櫃,stock
3232,昱捷,電子通路業,上櫃,stock
3234,光環,通信網路業,上櫃,stock
3236,千如,電子零組件業,上櫃,stock
3252,海灣,觀光餐旅,上櫃,stock
3259,鑫創,半導體業,上櫃,stock
3260,威剛,半導體業,上櫃,stock
3264,欣銓,半導體業,上櫃,stock
3265,台星科,半導體業,上櫃,stock
3268,海德威,半導體業,上櫃,stock
3272,東碩,電腦及週邊設備業,上櫃,stock
3276,宇環,電子零組件業,上櫃,stock
3284,太普高,其他業,上櫃,stock
3285,微端,其他電子業,上櫃,stock
3287,廣寰科,電腦及週邊設備業,上櫃,stock
3288,點晶,電子零組件業,上櫃,stock
3289,宜特,其他電子業,上櫃,stock
3290,東浦,電子零組件業,上櫃,stock
3293,鈊象,文化創意業,上櫃,stock
3294,英濟,電子零組件業,上櫃,stock
3297,杭特,光電業,上櫃,stock
3303,岱稜,其他電子業,上櫃,stock
3306,鼎天,通信網路業,上櫃,stock
3310,佳穎,電子零組件業,上櫃,stock
3313,斐成,其他業,上櫃,stock
3317,尼克森,半導體業,上櫃,stock
3322,建舜電,電子零組件業,上櫃,stock
3323,加百裕,電腦及週邊設備業,上櫃,stock
3324,雙鴻,其他電子業,上櫃,stock
3325,旭品,電腦及週邊設備業,上櫃,stock
3332,幸康,電子零組件業,上櫃,stock
3339,泰谷,光電業,上櫃,stock
3349,寶德,電腦及週邊設備業,上櫃,stock
3354,律勝,電子零組件業,上櫃,stock
3357,臺慶科,電子零組件業,上櫃,stock
3360,尚立,電子通路業,上櫃,stock
3362,先進光,光電業,上櫃,stock
3363,上詮,通信網路業,上櫃,stock
3372,典範,半導體業,上櫃,stock
3373,熱映,其他電子業,上櫃,stock
3374,精材,半導體業,上櫃,stock
3379,彬台,電機機械,上櫃,stock
3388,崇越電,電子零組件業,上櫃,stock
3390,旭軟,電子零組件業,上櫃,stock
3402,漢科,其他電子業,上櫃,stock
3426,台興,電機機械,上櫃,stock
3430,奇鈦科,化學工業,上櫃,stock
3434,哲固,光電業,上櫃,stock
3438,類比科,半導體業,上櫃,stock
3441,聯一光,光電業,上櫃,stock
3444,利機,電子通路業,上櫃,stock
3455,由田,光電業,上櫃,stock
3465,進泰電子,電子零組件業,上櫃,stock
3466,德晉,通信網路業,上櫃,stock
3467,台灣精材,其他,上櫃,stock
3479,安勤,電腦及週邊設備業,上櫃,stock
3483,力致,電腦及週邊設備業,上櫃,stock
3484,崧騰,電子零組件業,上櫃,stock
3489,森寶,建材營造業,上櫃,stock
3490,單井,光電業,上櫃,stock
3491,昇達科,通信網路業,上櫃,stock
3492,長盛,電子零組件業,上櫃,stock
3498,陽程,其他電子業,上櫃,stock
3499,環天科,通信網路業,上櫃,stock
3508,位速,其他電子業,上櫃,stock
3511,矽瑪,電子零組件業,上櫃,stock
3512,皇龍,建材營造業,上櫃,stock
3516,亞帝歐,光電業,上櫃,stock
3520,華盈,電子零組件業,上櫃,stock
3521,鴻翊,電腦及週邊設備業,上櫃,stock
3522,御嵿,觀光餐旅,上櫃,stock
3523,迎輝,光電業,上櫃,stock
3526,凡甲,電子零組件業,上櫃,stock
3527,聚積,半導體業,上櫃,stock
3529,力旺,半導體業,上櫃,stock
3531,先益,光電業,上櫃,stock
3537,堡達,電子零組件業,上櫃,stock
3540,曜越,電腦及週邊設備業,上櫃,stock
3541,西柏,其他電子業,上櫃,stock
3546,宇峻,文化創意業,上櫃,stock
3548,兆利,電子零組件業,上櫃,stock
3551,世禾,綠能環保,上櫃,stock
3552,同致,其他電子業,上櫃,stock
3555,博士旺,半導體業,上櫃,stock
3556,禾瑞亞,半導體業,上櫃,stock
3558,神準,通信網路業,上櫃,stock
3564,其陽,通信網路業,上櫃,stock
3567,逸昌,半導體業,上櫃,stock
3570,大塚,資訊服務業,上櫃,stock
3577,泓格,電腦及週邊設備業,上櫃,stock
3580,友威科,其他電子業,上櫃,stock
3581,博磊,半導體業,上櫃,stock
3587,閎康,其他電子業,上櫃,stock
3594,磐儀,電腦及週邊設備業,上櫃,stock
3597,映興,電子零組件業,上櫃,stock
3609,三一東林,電子零組件業,上櫃,stock
3611,鼎翰,電腦及週邊設備業,上櫃,stock
3615,安可,光電業,上櫃,stock
3623,富晶通,光電業,上櫃,stock
3624,光頡,電子零組件業,上櫃,stock
3625,西勝,電腦及週邊設備業,上櫃,stock
3628,盈正,其他電子業,上櫃,stock
3629,地心引力,文化創意業,上櫃,stock
3630,新鉅科,光電業,上櫃,stock
3631,晟楠,電子零組件業,上櫃,stock
3632,研勤,通信網路業,上櫃,stock
3646,艾恩特,電子零組件業,上櫃,stock
3663,鑫科,其他電子業,上櫃,stock
3664,安瑞-KY,通信網路業,上櫃,stock
3666,光耀,光電業,上櫃,stock
3672,康聯訊,通信網路業,上櫃,stock
3675,德微,半導體業,上櫃,stock
3680,家登,半導體業,上櫃,stock
3684,榮昌,通信網路業,上櫃,stock
3685,元創精密,電機機械,上櫃,stock
3687,歐買尬,數位雲端,上櫃,stock
3689,湧德,電子零組件業,上櫃,stock
3691,碩禾,光電業,上櫃,stock
3693,營邦,電腦及週邊設備業,上櫃,stock
3707,漢磊,半導體業,上櫃,stock
3709,鑫聯大投控,電腦及週邊設備業,上櫃,stock
3710,連展投控,電子零組件業,上櫃,stock
3713,新晶投控,綠能環保,上櫃,stock
4102,永日,生技醫療業,上櫃,stock
4105,東洋,生技醫療業,上櫃,stock
4107,邦特,生技醫療業,上櫃,stock
4109,加捷生醫,生技醫療業,上櫃,stock
4111,濟生,生技醫療業,上櫃,stock
4113,聯上,建材營造業,上櫃,stock
4114,健喬,生技醫療業,上櫃,stock
4116,明基醫,生技醫療業,上櫃,stock
4120,友華,生技醫療業,上櫃,stock
4121,優盛,生技醫療業,上櫃,stock
4123,晟德,生技醫療業,上櫃,stock
4126,太醫,生技醫療業,上櫃,stock
4127,天良,生技醫療業,上櫃,stock
4128,中天,生技醫療業,上櫃,stock
4129,聯合,生技醫療業,上櫃,stock
4130,健亞,生技醫療業,上櫃,stock
4131,浩泰,生技醫療業,上櫃,stock
4138,曜亞,生技醫療業,上櫃,stock
4139,馬光-KY,生技醫療業,上櫃,stock
4147,中裕,生技醫療業,上櫃,stock
4153,鈺緯,生技醫療業,上櫃,stock
4154,樂威科-KY,其他業,上櫃,stock
4157,太景*-KY,生技醫療業,上櫃,stock
4160,訊聯基因,生技醫療業,上櫃,stock
4161,聿新科,生技醫療業,上櫃,stock
4162,智擎,生技醫療業,上櫃,stock
4163,鐿鈦,生技醫療業,上櫃,stock
4166,友霖,其他,上櫃,stock
4167,松瑞藥,生技醫療業,上櫃,stock
4168,醣聯,生技醫療業,上櫃,stock
4171,瑞基,農業科技業,上櫃,stock
4173,久裕,生技醫療業,上櫃,stock
4174,浩鼎,生技醫療業,上櫃,stock
4175,杏一,生技醫療業,上櫃,stock
4183,福永生技,生技醫療業,上櫃,stock
4188,安克,生技醫療業,上櫃,stock
4192,杏國,生技醫療業,上櫃,stock
4198,欣大健康,生技醫療業,上櫃,stock
4205,中華食,食品工業,上櫃,stock
4207,環泰,食品工業,上櫃,stock
4303,信立,塑膠工業,上櫃,stock
4304,勝昱,塑膠工業,上櫃,stock
4305,世坤,塑膠工業,上櫃,stock
4401,東隆興,紡織纖維,上櫃,stock
4402,郡都開發,紡織纖維,上櫃,stock
4406,新昕纖,紡織纖維,上櫃,stock
4413,飛寶企業,紡織纖維,上櫃,stock
4416,三圓,建材營造業,上櫃,stock
4417,金洲,紡織纖維,上櫃,stock
4419,皇家美食,紡織纖維,上櫃,stock
4420,光明,紡織纖維,上櫃,stock
4430,耀億,其他業,上櫃,stock
4432,銘旺實,紡織纖維,上櫃,stock
4433,興采,紡織纖維,上櫃,stock
4442,竣邦-KY,紡織纖維,上櫃,stock
4502,健信,電機機械,上櫃,stock
4503,金雨,電機機械,上櫃,stock
4506,崇友,電機機械,上櫃,stock
4510,高鋒,電機機械,上櫃,stock
4513,福裕,電機機械,上櫃,stock
4523,永彰,電機機械,上櫃,stock
4527,方土霖,電機機械,上櫃,stock
4528,江興鍛,電機機械,上櫃,stock
4529,淳紳,其他業,上櫃,stock
4530,宏易,觀光餐旅,上櫃,stock
4533,協易機,電機機械,上櫃,stock
4534,慶騰,電機機械,上櫃,stock
4535,至興,電機機械,上櫃,stock
4538,大詠城,電機機械,上櫃,stock
4541,晟田,其他業,上櫃,stock
4542,科嶠,電子零組件業,上櫃,stock
4543,萬在,電機機械,上櫃,stock
4549,桓達,電機機械,上櫃,stock
4550,長佳,電機機械,上櫃,stock
4554,橙的,其他電子業,上櫃,stock
4556,旭然,其他業,上櫃,stock
4558,寶緯,電機機械,上櫃,stock
4561,健椿,電機機械,上櫃,stock
4563,百德,電機機械,上櫃,stock
4568,科際精密,電機機械,上櫃,stock
4577,達航科技,其他電子業,上櫃,stock
4580,捷流閥業,電機機械,上櫃,stock
4584,君帆,電機機械,上櫃,stock
4609,唐鋒,居家生活,上櫃,stock
4702,中美實,居家生活,上櫃,stock
4706,大恭,化學工業,上櫃,stock
4707,磐亞,化學工業,上櫃,stock
4711,永純,化學工業,上櫃,stock
4714,永捷,化學工業,上櫃,stock
4716,大立,化學工業,上櫃,stock
4721,美琪瑪,化學工業,上櫃,stock
4726,永昕,生技醫療業,上櫃,stock
4728,雙美,生技醫療業,上櫃,stock
4729,熒茂,光電業,上櫃,stock
4735,豪展,生技醫療業,上櫃,stock
4741,泓瀚,化學工業,上櫃,stock
4743,合一,生技醫療業,上櫃,stock
4744,皇將,生技醫療業,上櫃,stock
4745,合富-KY,生技醫療業,上櫃,stock
4747,強生,生技醫療業,上櫃,stock
4749,新應材,其他,上櫃,stock
4754,國碳科,化學工業,上櫃,stock
4760,勤凱,其他電子業,上櫃,stock
4767,誠泰科技,化學工業,上櫃,stock
4768,晶呈科技,化學工業,上櫃,stock
4772,台特化,其他,上櫃,stock
4804,大略-KY,觀光餐旅,上櫃,stock
4806,桂田文創,文化創意業,上櫃,stock
4903,聯光通,通信網路業,上櫃,stock
4905,台聯電,通信網路業,上櫃,stock
4907,富宇,建材營造業,上櫃,stock
4908,前鼎,通信網路業,上櫃,stock
4909,新復興,通信網路業,上櫃,stock
4911,德英,生技醫療業,上櫃,stock
4923,力士,半導體業,上櫃,stock
4924,欣厚-KY,電腦及週邊設備業,上櫃,stock
4931,新盛力,電腦及週邊設備業,上櫃,stock
4933,友輝,光電業,上櫃,stock
4939,亞電,電子零組件業,上櫃,stock
4946,辣椒,文化創意業,上櫃,stock
4950,金耘國際,其他業,上櫃,stock
4951,精拓科,半導體業,上櫃,stock
4953,緯軟,資訊服務業,上櫃,stock
4966,譜瑞-KY,半導體業,上櫃,stock
4971,IET-KY,半導體業,上櫃,stock
4972,湯石照明,光電業,上櫃,stock
4973,廣穎,半導體業,上櫃,stock
4974,亞泰,電子零組件業,上櫃,stock
4979,華星光,通信網路業,上櫃,stock
4987,科誠,電腦及週邊設備業,上櫃,stock
4991,環宇-KY,半導體業,上櫃,stock
4995,晶達,光電業,上櫃,stock
5009,榮剛,鋼鐵工業,上櫃,stock
5011,久陽,鋼鐵工業,上櫃,stock
5013,強新,鋼鐵工業,上櫃,stock
5014,建錩,鋼鐵工業,上櫃,stock
5015,華祺,鋼鐵工業,上櫃,stock
5016,松和,鋼鐵工業,上櫃,stock
5201,凱衛,資訊服務業,上櫃,stock
5202,力新,資訊服務業,上櫃,stock
5205,中茂,綠能環保,上櫃,stock
5206,坤悅,建材營造業,上櫃,stock
5209,新鼎,其他業,上櫃,stock
5210,寶碩,資訊服務業,上櫃,stock
5211,蒙恬,資訊服務業,上櫃,stock
5212,凌網,資訊服務業,上櫃,stock
5213,亞昕,建材營造業,上櫃,stock
5220,萬達光電,光電業,上櫃,stock
5223,安力-KY,電腦及週邊設備業,上櫃,stock
5227,立凱-KY,電子零組件業,上櫃,stock
5228,鈺鎧,電子零組件業,上櫃,stock
5230,雷笛克光學,光電業,上櫃,stock
5236,凌陽創新,半導體業,上櫃,stock
5245,智晶,光電業,上櫃,stock
5251,天鉞電,光電業,上櫃,stock
5263,智崴,文化創意業,上櫃,stock
5272,笙科,半導體業,上櫃,stock
5274,信驊,半導體業,上櫃,stock
5276,達輝-KY,其他業,上櫃,stock
5278,尚凡*,數位雲端,上櫃,stock
5287,數字,數位雲端,上櫃,stock
5289,宜鼎,電腦及週邊設備業,上櫃,stock
5291,邑昇,電子零組件業,上櫃,stock
5299,杰力,半導體業,上櫃,stock
5301,寶得利,觀光餐旅,上櫃,stock
5302,太欣,半導體業,上櫃,stock
5309,系統電,電子零組件業,上櫃,stock
5310,天剛,資訊服務業,上櫃,stock
5312,寶島科,生技醫療業,上櫃,stock
5314,世紀*,半導體業,上櫃,stock
5315,光聯,光電業,上櫃,stock
5321,美而快,數位雲端,上櫃,stock
5324,士開,建材營造業,上櫃,stock
5328,華容,電子零組件業,上櫃,stock
5340,建榮,電子零組件業,上櫃,stock
5344,立衛,半導體業,上櫃,stock
5345,馥鴻,其他業,上櫃,stock
5347,世界,半導體業,上櫃,stock
5348,正能量智能,通信網路業,上櫃,stock
5351,鈺創,半導體業,上櫃,stock
5353,台林,通信網路業,上櫃,stock
5355,佳總,電子零組件業,上櫃,stock
5356,協益,電腦及週邊設備業,上櫃,stock
5364,力麗店,觀光餐旅,上櫃,stock
5371,中光電,光電業,上櫃,stock
5381,合正,電子零組件業,上櫃,stock
5386,青雲,電腦及週邊設備業,上櫃,stock
5392,能率,光電業,上櫃,stock
5398,慕康生醫,其他業,上櫃,stock
5403,中菲,資訊服務業,上櫃,stock
5410,國眾,資訊服務業,上櫃,stock
5425,台半,半導體業,上櫃,stock
5426,振發,電腦及週邊設備業,上櫃,stock
5432,新門,光電業,上櫃,stock
5438,東友,電腦及週邊設備業,上櫃,stock
5439,高技,電子零組件業,上櫃,stock
5443,均豪,光電業,上櫃,stock
5450,南良,其他業,上櫃,stock
5452,佶優,其他電子業,上櫃,stock
5455,昇益,建材營造業,上櫃,stock
5457,宣德,電子零組件業,上櫃,stock
5460,同協,電子零組件業,上櫃,stock
5464,霖宏,電子零組件業,上櫃,stock
5465,富驊,電腦及週邊設備業,上櫃,stock
5468,凱鈺,半導體業,上櫃,stock
5474,聰泰,電腦及週邊設備業,上櫃,stock
5475,德宏,電子零組件業,上櫃,stock
5478,智冠,文化創意業,上櫃,stock
5481,新華,其他業,上櫃,stock
5483,中美晶,半導體業,上櫃,stock
5487,通泰,半導體業,上櫃,stock
5488,松普,電子零組件業,上櫃,stock
5489,彩富,其他電子業,上櫃,stock
5490,同亨,電腦及週邊設備業,上櫃,stock
5493,三聯,其他電子業,上櫃,stock
5498,凱崴,電子零組件業,上櫃,stock
5508,永信建,建材營造業,上櫃,stock
5511,德昌,建材營造業,上櫃,stock
5512,力麒,建材營造業,上櫃,stock
5514,三豐,建材營造業,上櫃,stock
5516,雙喜,建材營造業,上櫃,stock
5520,力泰,建材營造業,上櫃,stock
5523,豐謙,建材營造業,上櫃,stock
5529,鉅陞,建材營造業,上櫃,stock
5530,龍巖,其他業,上櫃,stock
5536,聖暉*,其他電子業,上櫃,stock
5543,桓鼎-KY,建材營造業,上櫃,stock
5548,安倉,建材營造業,上櫃,stock
5601,台聯櫃,航運業,上櫃,stock
5603,陸海,航運業,上櫃,stock
5604,中連,其他業,上櫃,stock
5609,中菲行,航運業,上櫃,stock
5701,劍湖山,觀光餐旅,上櫃,stock
5703,亞都,觀光餐旅,上櫃,stock
5704,老爺知,觀光餐旅,上櫃,stock
5864,致和證,金融保險業,上櫃,stock
5878,台名,金融保險業,上櫃,stock
5902,德記,居家生活,上櫃,stock
5903,全家,居家生活,上櫃,stock
5904,寶雅,居家生活,上櫃,stock
5905,南仁湖,觀光餐旅,上櫃,stock
6015,宏遠證,金融保險業,上櫃,stock
6016,康和證,金融保險業,上櫃,stock
6020,大展證,金融保險業,上櫃,stock
6021,美好證,金融保險業,上櫃,stock
6023,元大期,金融保險業,上櫃,stock
6026,福邦證,金融保險業,上櫃,stock
6101,寬魚國際,文化創意業,上櫃,stock
6103,合邦,半導體業,上櫃,stock
6104,創惟,半導體業,上櫃,stock
6109,亞元,通信網路業,上櫃,stock
6111,大宇資,文化創意業,上櫃,stock
6113,亞矽,電子通路業,上櫃,stock
6114,久威,電子零組件業,上櫃,stock
6118,建達,電子通路業,上櫃,stock
6121,新普,電腦及週邊設備業,上櫃,stock
6122,擎邦,電機機械,上櫃,stock
6123,上奇,資訊服務業,上櫃,stock
6124,業強,電子零組件業,上櫃,stock
6125,廣運,光電業,上櫃,stock
6126,信音,電子零組件業,上櫃,stock
6127,九豪,電子零組件業,上櫃,stock
6129,普誠,半導體業,上櫃,stock
6130,上亞科技,生技醫療業,上櫃,stock
6134,萬旭,電子零組件業,上櫃,stock
6138,茂達,半導體業,上櫃,stock
6140,訊達,資訊服務業,上櫃,stock
6143,振曜,通信網路業,上櫃,stock
6144,得利影,文化創意業,上櫃,stock
6146,耕興,其他電子業,上櫃,stock
6147,頎邦,半導體業,上櫃,stock
6148,驊宏資,資訊服務業,上櫃,stock
6150,撼訊,電腦及週邊設備業,上櫃,stock
6151,晉倫,其他電子業,上櫃,stock
6154,順發,電子通路業,上櫃,stock
6156,松上,電子零組件業,上櫃,stock
6158,禾昌,電子零組件業,上櫃,stock
6160,欣技,電腦及週邊設備業,上櫃,stock
6161,捷波,電腦及週邊設備業,上櫃,stock
6163,華電網,通信網路業,上櫃,stock
6167,久正,光電業,上櫃,stock
6169,昱泉,文化創意業,上櫃,stock
6170,統振,通信網路業,上櫃,stock
6171,大城地產,建材營造業,上櫃,stock
6173,信昌電,電子零組件業,上櫃,stock
6174,安碁,電子零組件業,上櫃,stock
6175,立敦,電子零組件業,上櫃,stock
6179,亞通,其他業,上櫃,stock
6180,橘子,文化創意業,上櫃,stock
6182,合晶,半導體業,上櫃,stock
6185,幃翔,電子零組件業,上櫃,stock
6186,新潤,建材營造業,上櫃,stock
6187,萬潤,其他電子業,上櫃,stock
6188,廣明,電腦及週邊設備業,上櫃,stock
6190,萬泰科,通信網路業,上櫃,stock
6194,育富,電子零組件業,上櫃,stock
6195,詩肯,居家生活,上櫃,stock
6198,瑞築,半導體業,上櫃,stock
6199,天品,其他業,上櫃,stock
006201,元大富櫃50,其他,上櫃,etf
6203,海韻電,電子零組件業,上櫃,stock
6204,艾華,電子零組件業,上櫃,stock
6207,雷科,電子零組件業,上櫃,stock
6208,日揚,電子零組件業,上櫃,stock
6210,慶生,電子零組件業,上櫃,stock
6212,理銘,建材營造業,上櫃,stock
6217,中探針,電子零組件業,上櫃,stock
6218,豪勉,通信網路業,上櫃,stock
6219,富旺,建材營造業,上櫃,stock
6220,岳豐,電子零組件業,上櫃,stock
6221,晉泰,資訊服務業,上櫃,stock
6222,立軒,光電業,上櫃,stock
6223,旺矽,半導體業,上櫃,stock
6227,茂綸,電子通路業,上櫃,stock
6228,全譜,電腦及週邊設備業,上櫃,stock
6229,研通,半導體業,上櫃,stock
6231,系微,資訊服務業,上櫃,stock
6233,旺玖,半導體業,上櫃,stock
6234,高僑,光電業,上櫃,stock
6236,中湛,其他業,上櫃,stock
6237,驊訊,半導體業,上櫃,stock
6240,松崗,其他業,上櫃,stock
6241,易通展,通信網路業,上櫃,stock
6242,立康,生技醫療業,上櫃,stock
6244,茂迪,光電業,上櫃,stock
6245,立端,通信網路業,上櫃,stock
6246,臺龍,光電業,上櫃,stock
6248,沛波,鋼鐵工業,上櫃,stock
6259,百徽,電子零組件業,上櫃,stock
6261,久元,半導體業,上櫃,stock
6263,普萊德,通信網路業,上櫃,stock
6264,富裔,建材營造業,上櫃,stock
6265,方土昶,電子通路業,上櫃,stock
6266,泰詠,電子零組件業,上櫃,stock
6270,倍微,電子通路業,上櫃,stock
6274,台燿,電子零組件業,上櫃,stock
6275,元山,電子零組件業,上櫃,stock
6276,安鈦克,電腦及週邊設備業,上櫃,stock
6279,胡連,電子零組件業,上櫃,stock
6284,佳邦,電子零組件業,上櫃,stock
6290,良維,電子零組件業,上櫃,stock
6291,沛亨,半導體業,上櫃,stock
6292,迅德,電子零組件業,上櫃,stock
6294,智基,文化創意業,上櫃,stock
6411,晶焱,半導體業,上櫃,stock
6417,韋僑,通信網路業,上櫃,stock
6418,詠昇,電子零組件業,上櫃,stock
6419,京晨科,光電業,上櫃,stock
6425,易發,電機機械,上櫃,stock
6432,今展科,電子零組件業,上櫃,stock
6435,大中,半導體業,上櫃,stock
6441,廣錠,電腦及週邊設備業,上櫃,stock
6461,益得,生技醫療業,上櫃,stock
6462,神盾,半導體業,上櫃,stock
6465,威潤,通信網路業,上櫃,stock
6469,大樹,生技醫療業,上櫃,stock
6470,宇智,通信網路業,上櫃,stock
6474,華豫寧,其他,上櫃,stock
6482,弘煜科,文化創意業,上櫃,stock
6485,點序,半導體業,上櫃,stock
6486,互動,通信網路業,上櫃,stock
6488,環球晶,半導體業,上櫃,stock
6492,生華科,生技醫療業,上櫃,stock
6494,九齊,半導體業,上櫃,stock
6496,科懋,生技醫療業,上櫃,stock
6498,久禾光,其他,上櫃,stock
6499,益安,生技醫療業,上櫃,stock
6506,雙邦,紡織纖維,上櫃,stock
6508,惠光,農業科技業,上櫃,stock
6509,聚和,化學工業,上櫃,stock
6510,精測,半導體業,上櫃,stock
6512,啟發電,其他電子業,上櫃,stock
6516,勤崴國際,資訊服務業,上櫃,stock
6517,保勝光學,光電業,上櫃,stock
6523,達爾膚,生技醫療業,上櫃,stock
6527,明達醫,生技醫療業,上櫃,stock
6530,創威,通信網路業,上櫃,stock
6532,瑞耘,半導體業,上櫃,stock
6535,順藥,生技醫療業,上櫃,stock
6538,倉和,電子零組件業,上櫃,stock
6542,隆中,文化創意業,上櫃,stock
6546,正基,通信網路業,上櫃,stock
6547,高端疫苗,生技醫療業,上櫃,stock
6548,長科*,半導體業,上櫃,stock
6556,勝品,光電業,上櫃,stock
6560,欣普羅,光電業,上櫃,stock
6561,是方,通信網路業,上櫃,stock
6568,宏觀,半導體業,上櫃,stock
6569,醫揚,生技醫療業,上櫃,stock
6570,維田,電腦及週邊設備業,上櫃,stock
6574,霈方,生技醫療業,上櫃,stock
6576,逸達,生技醫療業,上櫃,stock
6577,勁豐,電腦及週邊設備業,上櫃,stock
6578,達邦蛋白,農業科技業,上櫃,stock
6584,南俊國際,電子零組件業,上櫃,stock
6588,東典光電,通信網路業,上櫃,stock
6590,普鴻,資訊服務業,上櫃,stock
6593,台灣銘板,資訊服務業,上櫃,stock
6596,寬宏藝術,文化創意業,上櫃,stock
6597,立誠,其他,上櫃,stock
6603,富強鑫,電機機械,上櫃,stock
6609,瀧澤科,電機機械,上櫃,stock
6612,奈米醫材,生技醫療業,上櫃,stock
6613,朋億*,其他電子業,上櫃,stock
6615,慧智,生技醫療業,上櫃,stock
6616,特昇-KY,居家生活,上櫃,stock
6617,共信-KY,其他,上櫃,stock
6620,漢達,其他,上櫃,stock
6624,萬年清,綠能環保,上櫃,stock
6629,泰金-KY,居家生活,上櫃,stock
6637,醫影,其他,上櫃,stock
6640,均華,半導體業,上櫃,stock
6642,富致,電子零組件業,上櫃,stock
6643,M31,半導體業,上櫃,stock
6649,台生材,生技醫療業,上櫃,stock
6651,全宇昕,半導體業,上櫃,stock
6654,天正國際,其他電子業,上櫃,stock
6661,威健生技,生技醫療業,上櫃,stock
6662,樂斯科,生技醫療業,上櫃,stock
6664,群翊,電子零組件業,上櫃,stock
6667,信紘科,其他電子業,上櫃,stock
6679,鈺太,半導體業,上櫃,stock
6680,鑫創電子,電腦及週邊設備業,上櫃,stock
6683,雍智科技,半導體業,上櫃,stock
6684,安格,半導體業,上櫃,stock
6690,安碁資訊,數位雲端,上櫃,stock
6692,進能服,綠能環保,上櫃,stock
6693,廣閎科,半導體業,上櫃,stock
6697,東捷資訊,資訊服務業,上櫃,stock
6703,軒郁,生技醫療業,上櫃,stock
6708,天擎,半導體業,上櫃,stock
6712,長聖,生技醫療業,上櫃,stock
6716,應廣,半導體業,上櫃,stock
6720,久昌,其他,上櫃,stock
6721,信實,其他業,上櫃,stock
6725,矽科宏晟,其他,上櫃,stock
6727,亞泰金屬,電子零組件業,上櫃,stock
6728,上洋,居家生活,上櫃,stock
6730,常廣,其他,上櫃,stock
6732,昇佳電子,半導體業,上櫃,stock
6733,博晟生醫,生技醫療業,上櫃,stock
6735,美達科技,其他電子業,上櫃,stock
6739,竹陞科技,其他,上櫃,stock
6741,91APP*-KY,數位雲端,上櫃,stock
6751,智聯服務,資訊服務業,上櫃,stock
6752,叡揚,資訊服務業,上櫃,stock
6761,穩得,電子零組件業,上櫃,stock
6762,達亞,生技醫療業,上櫃,stock
6763,綠界科技*,數位雲端,上櫃,stock
6767,台微醫,生技醫療業,上櫃,stock
6785,昱展新藥,生技醫療業,上櫃,stock
6788,華景電,半導體業,上櫃,stock
6791,虎門科技,資訊服務業,上櫃,stock
6803,崑鼎,綠能環保,上櫃,stock
6804,明係,運動休閒,上櫃,stock
6811,宏碁資訊,數位雲端,上櫃,stock
6821,聯寶,電子零組件業,上櫃,stock
6823,濾能,半導體業,上櫃,stock
6829,千附精密,電機機械,上櫃,stock
6840,東研信超,其他電子業,上櫃,stock
6841,長佳智能,生技醫療業,上櫃,stock
6843,進典,電機機械,上櫃,stock
6844,諾貝兒,生技醫療業,上櫃,stock
6846,綠茵,食品工業,上櫃,stock
6855,數泓科,其他電子業,上櫃,stock
6856,鑫傳,文化創意業,上櫃,stock
6859,伯特光,光電業,上櫃,stock
6865,偉康科技,資訊服務業,上櫃,stock
6870,騰雲,數位雲端,上櫃,stock
6872,浩宇生醫,其他,上櫃,stock
6874,倍力,資訊服務業,上櫃,stock
6875,國邑*,生技醫療業,上櫃,stock
6877,鏵友益,其他電子業,上櫃,stock
6881,潤德,其他,上櫃,stock
6884,海柏特,其他,上櫃,stock
6894,衛司特,綠能環保,上櫃,stock
6895,宏碩系統,半導體業,上櫃,stock
6899,創為精密,光電業,上櫃,stock
6903,巨漢,其他,上櫃,stock
6904,伯鑫,其他業,上櫃,stock
6910,德鴻,其他,上櫃,stock
6913,鴻呈,其他,上櫃,stock
6922,宸曜,電腦及週邊設備業,上櫃,stock
6925,意藍,其他,上櫃,stock
6929,佑全,生技醫療業,上櫃,stock
6953,家碩,半導體業,上櫃,stock
6967,汎瑋材料,其他,上櫃,stock
6968,萬達寵物,其他,上櫃,stock
6971,惠民實業,其他,上櫃,stock
6982,大井泵浦,其他,上櫃,stock
6996,力領科技,其他,上櫃,stock
6997,博弘,其他,上櫃,stock
7402,邑錡,光電業,上櫃,stock
7547,碩網,其他,上櫃,stock
7556,意德士,半導體業,上櫃,stock
7584,樂意,其他,上櫃,stock
7642,昶瑞機電,其他,上櫃,stock
7703,銳澤,其他,上櫃,stock
7704,明遠精密,其他,上櫃,stock
7708,全家餐飲,其他,上櫃,stock
7709,榮田,其他,上櫃,stock
7712,博盛半導體,其他,上櫃,stock
7713,威力德生醫,其他,上櫃,stock
7714,創泓科技,其他,上櫃,stock
7715,裕山,其他,上櫃,stock
7716,昱臺國際,其他,上櫃,stock
7717,萊德光電-KY,其他,上櫃,stock
7718,友鋮,其他,上櫃,stock
7723,築間,其他,上櫃,stock
7728,光焱科技,其他,上櫃,stock
7734,印能科技,其他,上櫃,stock
7738,東聯互動,其他,上櫃,stock
7743,金利食安,其他,上櫃,stock
7744,崴寶,其他,上櫃,stock
7747,昕奇雲端,其他,上櫃,stock
7751,竑騰,其他,上櫃,stock
7753,星亞,其他,上櫃,stock
7757,金色三麥,其他,上櫃,stock
7767,仁大資訊,其他,上櫃,stock
7770,君曜,其他,上櫃,stock
7777,能率亞洲,其他,上櫃,stock
7782,光速火箭,其他,上櫃,stock
7805,威聯通,其他,上櫃,stock
7810,捷創科技,其他,上櫃,stock
8024,佑華,半導體業,上櫃,stock
8027,鈦昇,電機機械,上櫃,stock
8032,光菱,電子通路業,上櫃,stock
8034,榮群,通信網路業,上櫃,stock
8038,長園科,電子零組件業,上櫃,stock
8040,九暘,半導體業,上櫃,stock
8042,金山電,電子零組件業,上櫃,stock
8043,蜜望實,電子零組件業,上櫃,stock
8044,網家,數位雲端,上櫃,stock
8047,星雲,其他電子業,上櫃,stock
8048,德勝,通信網路業,上櫃,stock
8049,晶采,光電業,上櫃,stock
8050,廣積,電腦及週邊設備業,上櫃,stock
8054,安國,半導體業,上櫃,stock
8059,凱碩,通信網路業,上櫃,stock
8064,東捷,光電業,上櫃,stock
8066,來思達,居家生活,上櫃,stock
8067,志旭,電子通路業,上櫃,stock
8068,全達,電子通路業,上櫃,stock
8069,元太,光電業,上櫃,stock
8071,能率網通,電子零組件業,上櫃,stock
8074,鉅橡,電子零組件業,上櫃,stock
8076,伍豐,電腦及週邊設備業,上櫃,stock
8077,洛碁,觀光餐旅,上櫃,stock
8080,泰霖,建材營造業,上櫃,stock
8083,瑞穎,電機機械,上櫃,stock
8084,巨虹,電子通路業,上櫃,stock
8085,福華,其他電子業,上櫃,stock
8086,宏捷科,半導體業,上櫃,stock
8087,麗升能源,綠能環保,上櫃,stock
8088,品安,半導體業,上櫃,stock
8089,康全電訊,通信網路業,上櫃,stock
8091,翔名,電子零組件業,上櫃,stock
8092,建暐,其他電子業,上櫃,stock
8093,保銳,電子零組件業,上櫃,stock
8096,擎亞,電子通路業,上櫃,stock
8097,常珵,通信網路業,上櫃,stock
8099,大世科,資訊服務業,上櫃,stock
8102,傑霖科技,其他,上櫃,stock
8107,大億金茂,電機機械,上櫃,stock
8109,博大,電子零組件業,上櫃,stock
8111,立碁,光電業,上櫃,stock
8121,越峰,電子零組件業,上櫃,stock
8147,正淩,電子零組件業,上櫃,stock
8155,博智,電子零組件業,上櫃,stock
8171,天宇,綠能環保,上櫃,stock
8176,智捷,通信網路業,上櫃,stock
8182,加高,電子零組件業,上櫃,stock
8183,精星,其他電子業,上櫃,stock
8227,巨有科技,半導體業,上櫃,stock
8234,新漢,電腦及週邊設備業,上櫃,stock
8240,華宏,光電業,上櫃,stock
8255,朋程,電機機械,上櫃,stock
8272,全景軟體,其他,上櫃,stock
8277,商丞,半導體業,上櫃,stock
8279,生展,生技醫療業,上櫃,stock
8284,三竹,資訊服務業,上櫃,stock
8289,泰藝,電子零組件業,上櫃,stock
8299,群聯,半導體業,上櫃,stock
8342,益張,其他業,上櫃,stock
8349,恒耀,鋼鐵工業,上櫃,stock
8349A,恒耀甲特,其他,上櫃,stock
8354,冠好,其他業,上櫃,stock
8358,金居,電子零組件業,上櫃,stock
8383,千附,其他電子業,上櫃,stock
8390,金益鼎,綠能環保,上櫃,stock
8401,白紗科,其他業,上櫃,stock
8403,盛弘,生技醫療業,上櫃,stock
8409,商之器,生技醫療業,上櫃,stock
8410,森田,電腦及週邊設備業,上櫃,stock
8415,大國鋼,鋼鐵工業,上櫃,stock
8416,實威,資訊服務業,上櫃,stock
8421,旭源,其他業,上櫃,stock
8423,保綠-KY,綠能環保,上櫃,stock
8424,惠普,建材營造業,上櫃,stock
8426,紅木-KY,其他業,上櫃,stock
8431,匯鑽科,其他電子業,上櫃,stock
8432,東生華,生技醫療業,上櫃,stock
8433,弘帆,居家生活,上櫃,stock
8435,鉅邁,其他業,上櫃,stock
8436,大江,生技醫療業,上櫃,stock
8437,大地-KY,其他業,上櫃,stock
8440,綠電,綠能環保,上櫃,stock
8444,綠河-KY,其他業,上櫃,stock
8446,華研,文化創意業,上櫃,stock
8450,霹靂,文化創意業,上櫃,stock
8455,大拓-KY,其他電子業,上櫃,stock
8472,夠麻吉,數位雲端,上櫃,stock
8477,創業家,數位雲端,上櫃,stock
8489,三貝德,其他業,上櫃,stock
8905,裕國,其他業,上櫃,stock
8906,花王,其他業,上櫃,stock
8908,欣雄,油電燃氣業,上櫃,stock
8916,光隆,其他業,上櫃,stock
8917,欣泰,油電燃氣業,上櫃,stock
8921,沈氏,其他業,上櫃,stock
8923,時報,文化創意業,上櫃,stock
8924,大田,運動休閒,上櫃,stock
8927,北基,油電燃氣業,上櫃,stock
8928,鉅明,運動休閒,上櫃,stock
8929,富堡,其他業,上櫃,stock
8930,青鋼,鋼鐵工業,上櫃,stock
8931,大汽電,油電燃氣業,上櫃,stock
8932,智通*,其他業,上櫃,stock
8933,愛地雅,運動休閒,上櫃,stock
8935,邦泰,其他業,上櫃,stock
8936,國統,其他業,上櫃,stock
8937,合騏,其他業,上櫃,stock
8938,明安,運動休閒,上櫃,stock
8941,關中,居家生活,上櫃,stock
8942,森鉅,其他業,上櫃,stock
009806,台新標普500,其他,上櫃,etf
009807,台新標普科技精選,其他,上櫃,etf
009814,富邦標普500,其他,上櫃,etf
9949,琉園,文化創意業,上櫃,stock
9950,萬國通,塑膠工業,上櫃,stock
9951,皇田,電機機械,上櫃,stock
9960,邁達康,運動休閒,上櫃,stock
9962,有益,鋼鐵工業,上櫃,stock
020001,富邦存股雙十N,其他,上櫃,stock
020025,統一亞洲半導體N,其他,上櫃,stock
020027,元大上櫃ESG成長N,其他,上櫃,stock
020033,統一恒生科期N,其他,上櫃,stock
020035,元大上櫃ESG高息N,其他,上櫃,stock
020040,元大上櫃ESG龍頭N,其他,上櫃,stock
020041,兆豐半導體氣候N,其他,上櫃,stock
