代號,名稱,產業,評分,ROE(%),PE,PB,殖利率(%),負債率(%)
6435,大中,半導體業,10.0,27.5,13.52,0.97,6.43,22.18
1595,川寶,電子零組件業,10.0,25.95,12.03,0.52,7.08,21.38
3713,新晶投控,綠能環保,9.85,28.26,10.94,1.46,6.64,23.09
6123,上奇,資訊服務業,9.84,24.85,9.24,0.81,5.55,25.03
6573,虹揚-KY,半導體業,9.68,23.96,11.05,0.87,5.12,34.69
1456,怡華,建材營造業,9.64,25.9,16.79,0.73,7.17,39.2
00916,國泰全球品牌50,其他,9.56,29.06,9.24,1.8,7.83,28.75
7708,全家餐飲,其他,9.56,29.48,16.16,1.08,7.88,39.79
1316,上曜,建材營造業,9.54,25.23,15.08,1.9,7.12,30.43
3294,英濟,電子零組件業,9.51,25.57,8.93,1.26,6.09,37.48
8150,南茂,半導體業,9.43,24.27,10.06,1.71,7.16,39.74
5706,鳳凰,觀光餐旅,9.42,28.6,18.57,0.65,7.48,37.45
6695,芯鼎,半導體業,9.41,26.28,7.53,0.69,5.21,37.07
2362,藍天,電腦及週邊設備業,9.4,29.92,14.36,2.96,5.41,26.7
2882,國泰金,金融保險業,9.4,28.46,14.97,1.38,7.67,47.07
2388,威盛,半導體業,9.4,26.3,14.54,2.73,6.97,24.02
2474,可成,其他電子業,9.4,24.99,13.17,2.13,7.18,26.61
6103,合邦,半導體業,9.31,23.05,18.16,0.74,5.69,28.0
3054,立萬利,食品工業,9.3,23.41,12.2,0.55,7.31,45.46
5531,鄉林,建材營造業,9.29,21.47,14.23,1.22,7.12,29.35
009813,貝萊德標普卓越50,其他,9.25,27.51,13.38,0.59,7.48,51.49
00983B,大華優利美公債20,其他,9.25,26.7,11.34,2.99,7.14,36.81
2881,富邦金,金融保險業,9.25,25.77,12.42,1.59,7.96,46.04
8114,振樺電,電腦及週邊設備業,9.25,26.72,10.14,0.62,6.33,50.06
6462,神盾,半導體業,9.25,29.08,11.53,1.68,7.34,41.53
6670,復盛應用,運動休閒,9.24,23.09,10.54,1.87,7.09,32.17
00736,國泰新興市場,其他,9.24,24.02,13.15,1.04,5.26,48.86
6838,台新藥,其他,9.23,25.8,8.2,0.91,6.03,41.03
8234,新漢,電腦及週邊設備業,9.23,24.86,11.14,2.44,5.47,34.48
3705,永信,生技醫療業,9.22,25.76,15.23,0.89,7.47,51.81
3147,大綜,資訊服務業,9.18,28.36,15.55,2.3,7.37,39.94
4538,大詠城,電機機械,9.15,27.17,8.62,2.59,7.49,25.16
6189,豐藝,電子通路業,9.15,27.15,15.84,2.68,6.92,30.36
3122,笙泉,半導體業,9.14,27.45,6.91,1.88,7.01,27.04
3088,艾訊,電腦及週邊設備業,9.1,25.32,11.74,3.8,7.26,25.44
0051,元大中型100,其他,9.1,28.77,13.78,1.05,5.71,52.94
00772B,中信高評級公司債,其他,9.1,27.81,14.89,4.02,5.03,26.13
8070,長華*,電子通路業,9.09,27.35,15.06,3.38,5.54,29.36
6222,立軒,光電業,9.07,26.82,8.18,2.57,5.52,28.71
00688L,國泰20年美債正2,其他,9.06,25.05,19.1,0.66,7.48,48.21
009812,野村日本東證,其他,9.04,27.43,8.86,1.77,7.45,41.33
2352,佳世達,電腦及週邊設備業,9.03,25.96,15.56,4.78,7.79,20.67
2415,錩新,電子零組件業,9.02,27.6,9.53,4.93,5.63,21.29
2478,大毅,電子零組件業,8.99,26.84,15.89,4.7,5.78,25.84
1725,元禎,化學工業,8.97,27.56,5.13,0.52,5.32,31.43
3441,聯一光,光電業,8.95,23.11,12.68,2.74,7.74,32.05
00885,富邦越南,其他,8.95,25.09,21.25,1.64,6.82,23.94
4416,三圓,建材營造業,8.95,29.87,12.7,3.81,6.45,34.86
00782B,國泰A級公用債,其他,8.95,27.73,12.56,2.6,6.21,49.45
4139,馬光-KY,生技醫療業,8.93,28.07,5.75,1.43,6.83,30.29
6869,雲豹能源,綠能環保,8.91,29.53,9.8,3.28,5.2,38.4
3617,碩天,其他電子業,8.91,22.9,12.92,2.62,6.44,35.93
4737,華廣,生技醫療業,8.9,25.74,19.14,2.02,7.83,25.85
6416,瑞祺電通,通信網路業,8.9,24.66,14.32,2.95,5.83,41.25
4109,加捷生醫,生技醫療業,8.9,26.95,20.45,1.95,7.67,31.12
3567,逸昌,半導體業,8.86,21.62,11.64,2.87,5.29,29.33
5403,中菲,資訊服務業,8.86,23.88,16.73,1.91,5.36,44.92
6290,良維,電子零組件業,8.86,24.42,10.94,1.5,5.65,58.86
3588,通嘉,半導體業,8.86,28.65,15.79,2.09,6.38,46.17
3577,泓格,電腦及週邊設備業,8.85,28.18,6.13,0.89,5.72,49.41
5013,強新,鋼鐵工業,8.85,23.44,10.63,3.68,5.26,25.67
4971,IET-KY,半導體業,8.85,23.44,13.65,1.03,7.89,53.07
6542,隆中,文化創意業,8.84,22.7,6.42,1.14,5.27,28.15
00915,凱基優選高股息30,其他,8.84,29.29,15.9,3.96,7.98,31.53
6121,新普,電腦及週邊設備業,8.83,20.49,10.75,0.79,7.02,41.17
2605,新興,航運業,8.83,29.66,6.85,2.9,5.74,22.22
00779B,凱基美債25+,其他,8.83,23.33,14.29,3.51,5.83,22.14
8476,台境*,綠能環保,8.83,22.37,12.88,0.71,7.04,59.37
5471,松翰,半導體業,8.82,28.76,18.57,0.84,5.25,53.12
00867B,新光A-BBB電信債,其他,8.82,20.43,10.89,1.97,7.67,38.63
6242,立康,生技醫療業,8.81,24.14,10.08,3.59,7.78,30.62
2067,嘉鋼,電機機械,8.8,29.43,11.2,1.11,7.31,67.75
7556,意德士,半導體業,8.8,21.28,14.53,2.09,6.81,24.28
3013,晟銘電,電腦及週邊設備業,8.8,24.06,10.46,1.99,7.66,53.04
3597,映興,電子零組件業,8.79,28.18,17.61,4.56,6.65,21.07
2108,南帝,橡膠工業,8.77,29.25,16.54,3.96,6.62,30.17
1423,利華,紡織纖維,8.76,25.57,16.62,1.83,7.68,56.62
3008,大立光,光電業,8.73,23.6,12.93,1.65,7.98,52.88
00981A,主動統一台股增長,其他,8.73,20.83,12.74,2.94,6.59,21.77
4923,力士,半導體業,8.7,27.54,18.35,3.14,6.83,27.59
2929,淘帝-KY,貿易百貨業,8.69,24.85,8.7,2.94,5.45,45.21
6194,育富,電子零組件業,8.68,26.0,6.84,0.61,7.81,59.93
5276,達輝-KY,其他業,8.67,18.26,17.07,0.82,5.21,29.95
3630,新鉅科,光電業,8.67,24.55,8.83,3.86,7.09,36.35
8289,泰藝,電子零組件業,8.67,25.78,7.59,4.84,7.95,24.87
5520,力泰,建材營造業,8.66,23.16,13.22,3.41,6.56,35.37
6236,中湛,其他業,8.66,23.2,12.94,1.91,5.25,59.52
2891,中信金,金融保險業,8.65,25.41,13.67,2.06,7.17,52.24
3232,昱捷,電子通路業,8.65,25.15,11.0,2.81,6.59,51.5
3041,揚智,半導體業,8.65,20.29,14.97,2.17,7.75,26.4
3416,融程電,電腦及週邊設備業,8.64,29.03,21.31,2.11,6.2,21.5
00752,中信中國50,其他,8.64,18.07,15.83,1.35,7.72,25.47
2880,華南金,金融保險業,8.63,28.24,17.68,1.95,5.4,59.04
3290,東浦,電子零組件業,8.62,24.51,18.37,3.56,5.95,29.94
9103,美德醫療-DR,其他,8.62,20.45,16.7,1.97,5.26,39.03
2887I,台新新光辛特,其他,8.62,18.08,15.99,1.04,7.98,22.95
5211,蒙恬,資訊服務業,8.62,24.11,16.56,0.7,7.79,67.53
00982B,FT投資級債20+,其他,8.61,20.98,10.63,1.52,6.41,45.5
8349A,恒耀甲特,其他,8.61,27.74,9.79,3.64,7.56,43.2
020030,統一智慧電動車N,其他,8.6,19.21,17.73,0.78,6.3,33.58
6165,浪凡,數位雲端,8.6,23.12,9.74,2.02,7.24,42.22
4961,天鈺,半導體業,8.6,28.42,9.71,2.37,5.6,55.79
4939,亞電,電子零組件業,8.59,27.38,26.74,0.54,7.64,29.07
9924,福興,居家生活,8.58,26.77,7.94,2.85,7.8,40.19
6936,永鴻生技,其他,8.57,22.7,17.57,0.95,6.77,55.42
5434,崇越,電子通路業,8.57,27.93,6.22,0.92,6.17,51.91
1528,恩德,電機機械,8.55,20.65,13.36,0.94,7.94,50.11
2719,燦星旅,觀光餐旅,8.55,24.06,6.14,2.69,6.17,29.38
6613,朋億*,其他電子業,8.54,23.92,20.73,2.95,7.76,24.93
009802,富邦旗艦50,其他,8.53,28.12,24.79,1.97,6.77,20.88
5215,科嘉-KY,電腦及週邊設備業,8.53,24.27,13.7,4.69,6.03,45.46
3357,臺慶科,電子零組件業,8.52,18.67,9.91,0.87,6.8,42.33
6187,萬潤,其他電子業,8.51,24.64,15.65,1.81,6.26,64.14
6449,鈺邦,電子零組件業,8.5,29.78,16.24,3.92,5.24,44.84
6781,AES-KY,電子零組件業,8.48,25.93,16.45,2.5,7.67,53.75
4735,豪展,生技醫療業,8.48,26.11,6.55,4.92,6.84,24.33
1229,聯華,食品工業,8.47,26.33,6.48,3.36,6.46,20.01
00665L,富邦恒生國企正2,其他,8.45,18.67,17.0,1.57,5.85,24.61
1611,中電,電器電纜,8.45,25.36,22.89,1.37,6.74,49.94
006207,復華滬深,其他,8.44,25.81,16.77,4.35,6.46,43.63
1215,卜蜂,食品工業,8.44,28.85,27.99,0.77,6.91,26.73
00756B,群益投等新興公債,其他,8.43,23.13,16.85,1.72,6.36,56.03
3094,聯傑,半導體業,8.41,17.97,17.6,0.74,6.5,33.23
3545,敦泰,半導體業,8.41,16.02,13.12,0.61,6.52,39.06
6184,大豐電,其他業,8.4,20.65,12.06,3.92,7.85,23.99
4711,永純,化學工業,8.4,29.4,19.58,0.62,5.48,63.64
7715,裕山,其他,8.39,22.16,7.76,0.83,7.87,50.84
5234,達興材料,光電業,8.39,23.2,18.5,4.18,8.0,22.17
1784,訊聯,生技醫療業,8.38,26.72,19.72,1.52,7.23,56.42
6179,亞通,其他業,8.37,29.96,21.12,1.3,7.01,59.28
3372,典範,半導體業,8.36,17.42,8.47,1.32,6.82,24.58
2321,東訊,通信網路業,8.36,22.12,7.6,0.67,7.49,50.63
9949,琉園,文化創意業,8.35,28.29,13.87,4.0,7.93,54.34
5355,佳總,電子零組件業,8.35,27.17,14.19,2.62,5.07,60.44
3016,嘉晶,半導體業,8.35,25.53,11.79,2.92,5.06,62.14
009803,保德信市值動能50,其他,8.35,26.93,13.7,3.03,5.9,51.74
1583,程泰,電機機械,8.35,27.63,14.54,4.23,5.67,56.15
2850,新產,金融保險業,8.35,24.01,19.96,4.01,7.4,22.13
1789,神隆,生技醫療業,8.33,23.81,16.09,3.74,6.02,40.33
1219,福壽,食品工業,8.33,28.21,15.17,3.67,5.0,51.16
7732,金興精密,其他,8.32,15.65,15.25,0.81,5.98,39.02
2332,友訊,通信網路業,8.31,28.32,9.8,4.13,5.96,59.56
1569,濱川,電腦及週邊設備業,8.31,29.25,25.37,0.65,5.37,41.56
2015,豐興,鋼鐵工業,8.3,25.32,20.38,1.96,5.8,51.73
5907,大洋-KY,貿易百貨業,8.28,27.89,24.33,2.26,5.27,25.81
2017,官田鋼,鋼鐵工業,8.28,28.68,7.12,1.32,5.93,67.87
4806,桂田文創,文化創意業,8.28,24.67,5.71,3.27,5.58,28.8
1795,美時,生技醫療業,8.27,24.79,27.9,1.07,5.07,27.95
8423,保綠-KY,綠能環保,8.27,16.08,10.64,1.39,6.48,37.45
8942,森鉅,其他業,8.26,25.06,22.0,3.7,5.12,24.07
00934,中信成長高股息,其他,8.26,29.64,20.73,3.44,5.33,37.85
6550,北極星藥業-KY,生技醫療業,8.26,29.87,23.24,2.75,7.38,35.73
00662,富邦NASDAQ,其他,8.25,21.56,7.5,1.75,6.07,42.54
7743,金利食安,其他,8.23,22.35,11.44,4.44,6.42,46.19
2939,永邑-KY,貿易百貨業,8.23,20.5,11.59,2.17,5.99,45.64
6697,東捷資訊,資訊服務業,8.23,24.82,24.55,2.27,5.86,27.18
8444,綠河-KY,其他業,8.22,21.31,8.37,3.42,7.23,21.43
1312,國喬,塑膠工業,8.21,23.52,7.21,0.92,7.77,66.67
4938,和碩,電腦及週邊設備業,8.21,14.73,14.46,0.97,7.87,31.86
2636,台驊控股,航運業,8.21,29.24,23.67,2.04,7.67,38.9
6901,鑽石投資,其他業,8.2,24.5,18.07,3.26,7.84,45.7
4304,勝昱,塑膠工業,8.2,21.26,13.2,1.45,7.14,61.7
00933B,國泰10Y+金融債,其他,8.2,26.71,5.86,0.84,6.68,62.38
6464,台數科,其他業,8.19,21.24,8.3,3.96,6.59,29.9
6788,華景電,半導體業,8.19,20.38,15.21,4.95,6.86,35.81
00695B,富邦美債7-10,其他,8.18,29.91,9.08,4.52,7.53,54.87
009806,台新標普500,其他,8.18,19.3,21.32,0.75,7.95,36.98
5426,振發,電腦及週邊設備業,8.18,23.21,20.25,4.27,5.02,21.64
2029,盛餘,鋼鐵工業,8.17,27.66,24.04,2.14,6.76,39.79
1593,祺驊,運動休閒,8.17,22.32,6.4,1.73,6.34,49.38
6112,邁達特,資訊服務業,8.17,28.11,21.48,3.81,5.18,34.43
5489,彩富,其他電子業,8.16,19.13,14.81,3.41,5.03,22.03
2360,致茂,其他電子業,8.16,29.99,30.3,0.68,7.41,21.29
5864,致和證,金融保險業,8.15,24.02,26.58,1.09,7.39,37.25
6226,光鼎,光電業,8.15,26.84,19.14,4.5,5.0,40.57
2382,廣達,電腦及週邊設備業,8.14,21.79,14.82,4.77,5.51,41.2
8432,東生華,生技醫療業,8.14,22.57,20.97,2.25,6.48,35.62
2404,漢唐,其他電子業,8.14,22.6,26.05,1.38,6.55,25.95
6535,順藥,生技醫療業,8.13,23.07,19.28,1.73,5.17,51.36
6615,慧智,生技醫療業,8.13,17.98,13.46,2.69,7.79,33.96
2597,潤弘,建材營造業,8.13,21.15,16.68,1.66,6.69,52.31
8926,台汽電,油電燃氣業,8.13,29.67,26.86,1.87,6.4,35.69
00787B,元大10年IG醫療債,其他,8.13,29.28,20.55,1.32,7.42,62.09
6873,泓德能源,綠能環保,8.13,20.8,11.06,1.13,5.79,69.5
1727,中華化,化學工業,8.12,25.66,8.75,3.67,7.45,52.37
00768B,復華20年美債,其他,8.12,19.81,14.99,4.66,6.23,36.16
3317,尼克森,半導體業,8.1,19.67,14.2,4.54,7.63,32.11
9935,慶豐富,居家生活,8.1,21.09,8.74,2.91,7.01,42.76
3135,凌航,其他,8.1,14.98,10.47,1.88,5.55,24.8
2511,太子,建材營造業,8.07,18.32,22.19,0.77,6.61,22.1
00895,富邦未來車,其他,8.07,27.4,22.34,0.59,5.84,65.76
00927,群益半導體收益,其他,8.07,27.71,29.86,0.85,5.79,34.92
6655,科定,其他業,8.06,21.38,9.93,1.73,5.84,60.38
8043,蜜望實,電子零組件業,8.06,26.61,24.91,2.27,7.11,30.21
6533,晶心科,半導體業,8.06,29.23,31.17,0.73,5.57,28.97
00726B,國泰新興投等債,其他,8.06,26.71,19.92,2.47,5.93,55.69
1337,再生-KY,塑膠工業,8.05,21.25,17.49,4.17,6.73,37.32
1455,集盛,紡織纖維,8.05,29.07,22.47,0.61,7.68,66.32
5603,陸海,航運業,8.04,20.4,8.22,1.4,7.49,54.98
7730,暉盛-創,其他,8.04,29.93,17.57,4.47,5.84,59.67
4609,唐鋒,居家生活,8.04,18.38,11.39,4.14,6.9,27.94
5521,工信,建材營造業,8.02,26.82,31.48,0.53,6.53,28.57
3264,欣銓,半導體業,8.02,25.48,26.47,2.47,5.88,26.29
1906,寶隆,造紙工業,8.01,24.04,16.52,2.17,6.96,61.68
4527,方土霖,電機機械,8.01,20.38,22.95,1.96,7.64,28.23
7703,銳澤,其他,8.0,26.04,27.88,0.61,7.63,47.38
2701,萬企,觀光餐旅,8.0,21.72,8.49,1.49,6.22,66.11
6465,威潤,通信網路業,7.99,19.0,11.94,3.09,7.43,34.54
2353,宏碁,電腦及週邊設備業,7.98,16.72,18.3,1.04,7.6,36.23
5292,華懋,綠能環保,7.98,19.76,9.26,4.64,5.8,35.52
4905,台聯電,通信網路業,7.98,22.2,6.24,1.39,5.27,52.39
5011,久陽,鋼鐵工業,7.98,28.91,7.93,4.34,5.17,53.75
3593,力銘,電子零組件業,7.97,21.1,5.54,1.4,6.07,42.53
00642U,期元大S&P石油,其他,7.96,17.86,10.85,1.14,7.96,50.1
2392,正崴,電子零組件業,7.96,19.02,8.97,4.8,6.36,28.0
3323,加百裕,電腦及週邊設備業,7.96,23.42,5.07,3.83,7.34,29.76
7780,大研生醫,其他,7.95,22.01,21.84,0.54,5.87,57.3
00673R,期元大S&P原油反1,其他,7.95,28.05,18.34,3.89,6.8,51.57
3056,富華新,建材營造業,7.95,28.14,20.8,3.08,7.8,46.88
6712,長聖,生技醫療業,7.94,24.95,20.86,4.72,7.52,43.39
6024,群益期,金融保險業,7.94,22.44,14.71,4.01,7.2,51.01
6261,久元,半導體業,7.93,28.92,16.01,4.34,6.73,69.65
2892,第一金,金融保險業,7.93,16.57,16.01,1.49,5.59,45.97
00692,富邦公司治理,其他,7.93,24.31,17.57,4.84,5.89,53.37
3447,展達,通信網路業,7.91,17.55,14.36,1.01,6.44,55.49
6405,悅城,光電業,7.91,15.69,13.18,2.72,5.9,28.06
1442,名軒,建材營造業,7.91,18.52,10.94,3.76,7.23,35.29
6884,海柏特,其他,7.9,25.48,21.26,2.22,5.37,51.96
2748,雲品,觀光餐旅,7.9,20.27,18.68,4.98,7.73,20.94
8442,威宏-KY,其他業,7.89,24.94,25.01,3.2,5.28,20.81
3312,弘憶股,電子通路業,7.89,17.46,10.0,4.86,6.11,27.44
5432,新門,光電業,7.87,24.41,18.24,3.49,7.44,56.08
3481,群創,光電業,7.86,23.75,6.72,2.98,6.14,58.51
6206,飛捷,電腦及週邊設備業,7.86,28.48,7.25,2.53,6.03,66.46
009809,富邦淨零ESG50,其他,7.85,18.88,6.83,1.47,5.99,46.7
1445,大宇,紡織纖維,7.85,29.4,8.89,4.5,7.16,65.11
3219,倚強科,其他電子業,7.85,18.13,12.21,0.77,5.48,63.26
6174,安碁,電子零組件業,7.84,19.96,18.78,1.17,6.92,54.78
8924,大田,運動休閒,7.82,13.28,14.0,1.76,5.83,20.96
8171,天宇,綠能環保,7.82,19.83,13.9,4.69,6.26,44.24
3230,錦明,光電業,7.82,17.09,5.78,1.21,5.84,29.49
1438,三地開發,建材營造業,7.82,20.57,27.22,0.94,5.94,25.05
6716,應廣,半導體業,7.81,14.9,16.03,0.53,7.64,41.25
00980D,主動聯博投等入息,其他,7.81,29.67,5.35,4.02,5.23,41.51
00932,兆豐永續高息等權,其他,7.81,17.24,21.63,0.59,6.05,30.49
2424,隴華,通信網路業,7.8,26.56,25.86,4.5,5.18,23.1
00685L,群益臺灣加權正2,其他,7.8,18.57,8.51,3.1,6.56,28.38
6614,資拓宏宇,其他,7.8,27.22,22.09,2.8,5.09,50.81
6182,合晶,半導體業,7.8,21.06,18.12,1.21,6.86,61.29
2231,為升,汽車工業,7.79,20.69,27.64,0.66,6.05,23.69
2207,和泰車,汽車工業,7.79,29.23,17.13,3.96,6.08,61.31
1813,寶利徠,生技醫療業,7.79,21.91,20.55,4.63,7.27,31.85
9931,欣高,油電燃氣業,7.79,18.69,10.86,1.1,7.94,66.2
3191,雲嘉南,電子零組件業,7.78,20.26,23.4,0.81,5.68,43.05
3709,鑫聯大投控,電腦及週邊設備業,7.77,26.29,28.6,1.49,5.66,45.39
6120,達運,光電業,7.76,26.55,26.13,4.64,7.52,21.96
4972,湯石照明,光電業,7.76,17.81,5.61,1.54,5.26,25.61
1465,偉全,紡織纖維,7.76,18.73,7.28,0.86,7.88,56.62
3516,亞帝歐,光電業,7.74,18.32,7.54,2.65,6.63,38.94
00664R,國泰臺灣加權反1,其他,7.74,18.0,21.99,1.45,5.91,34.64
2724,藝舍-KY,觀光餐旅,7.74,24.95,33.73,0.68,7.73,20.56
8162,微矽電子-創,半導體業,7.73,26.12,26.39,4.19,7.49,21.96
6730,常廣,其他,7.71,24.83,32.63,0.52,6.91,39.77
3029,零壹,資訊服務業,7.7,18.57,16.81,3.94,5.17,36.7
8077,洛碁,觀光餐旅,7.7,29.07,31.68,1.21,5.19,39.2
00770,國泰北美科技,其他,7.7,20.91,13.29,2.74,6.09,69.72
1721,三晃,化學工業,7.69,23.77,21.38,4.01,6.18,43.21
5523,豐謙,建材營造業,7.69,29.8,20.49,2.46,7.64,61.92
8411,福貞-KY,其他業,7.68,17.29,19.02,1.45,5.05,41.26
8201,無敵,其他電子業,7.66,20.66,11.85,4.92,7.92,56.54
00760B,復華新興企業債,其他,7.66,27.52,24.53,1.39,5.23,61.24
1626,艾美特-KY,電器電纜,7.65,25.09,20.86,3.36,5.51,58.74
00655L,國泰中國A50正2,其他,7.64,16.0,9.89,1.33,6.3,52.97
8033,雷虎,其他業,7.64,14.94,13.3,2.81,7.88,38.93
7786,東方風能,其他,7.64,21.36,28.59,1.48,7.29,26.66
2881A,富邦特,金融保險業,7.63,29.13,25.97,3.64,7.97,38.53
3038,全台,光電業,7.63,19.66,18.88,3.93,7.97,31.78
8277,商丞,半導體業,7.63,26.39,25.96,2.53,5.31,48.58
4126,太醫,生技醫療業,7.63,22.37,11.52,3.09,5.7,69.56
6732,昇佳電子,半導體業,7.62,12.92,11.28,0.5,5.2,48.21
3021,鴻名,電子零組件業,7.61,14.93,16.45,2.26,6.05,20.27
4721,美琪瑪,化學工業,7.6,17.2,15.85,1.58,7.04,50.32
6456,GIS-KY,光電業,7.6,28.57,7.51,4.07,6.58,64.95
3704,合勤控,通信網路業,7.59,26.39,28.81,2.92,5.77,35.24
1618,合機,電器電纜,7.59,23.38,24.18,4.52,8.0,32.04
8424,惠普,建材營造業,7.59,20.18,19.92,2.94,5.31,48.06
6486,互動,通信網路業,7.58,29.53,28.93,2.41,6.41,37.66
4906,正文,通信網路業,7.58,15.47,10.23,4.26,5.52,22.99
3059,華晶科,光電業,7.58,29.62,28.9,2.95,5.03,37.63
3022,威強電,電腦及週邊設備業,7.58,24.93,23.8,2.74,7.98,55.65
00961,FT臺灣永續高息,其他,7.56,10.66,12.55,1.45,6.93,22.44
3687,歐買尬,數位雲端,7.55,20.01,13.22,4.63,5.96,51.89
3149,正達,光電業,7.54,13.38,13.06,1.1,5.08,40.34
3090,日電貿,電子零組件業,7.54,28.02,35.49,0.75,5.51,22.44
6692,進能服,綠能環保,7.54,18.08,15.03,2.89,7.19,52.25
2484,希華,電子零組件業,7.54,23.71,28.78,1.27,7.23,44.42
6596,寬宏藝術,文化創意業,7.52,24.66,26.45,4.06,5.77,33.98
6109,亞元,通信網路業,7.52,19.83,8.31,3.72,5.74,40.87
8416,實威,資訊服務業,7.51,20.05,22.92,0.8,7.1,55.01
5478,智冠,文化創意業,7.51,23.32,19.72,2.17,7.61,60.16
00982A,主動群益台灣強棒,其他,7.51,13.73,15.71,2.26,6.65,24.07
3035,智原,半導體業,7.51,15.02,17.44,1.0,7.81,46.44
7717,萊德光電-KY,其他,7.5,9.37,13.71,0.92,7.17,26.48
5202,力新,資訊服務業,7.49,21.53,26.26,2.34,6.61,28.48
00931B,統一美債20年,其他,7.49,19.63,21.24,3.44,6.01,21.52
8467,波力-KY,運動休閒,7.48,20.0,7.94,1.84,6.24,67.62
3051,力特,光電業,7.47,20.17,22.13,3.4,7.02,20.63
00633L,富邦上証正2,其他,7.47,18.12,9.58,4.5,5.75,41.07
00955,中信日本商社,其他,7.46,18.28,18.42,4.97,7.85,39.86
2421,建準,電子零組件業,7.46,14.91,9.83,3.13,7.47,20.67
3526,凡甲,電子零組件業,7.46,21.55,22.79,3.76,5.21,32.42
2707,晶華,觀光餐旅,7.46,24.24,26.37,4.01,7.1,32.02
00717,富邦美國特別股,其他,7.46,23.24,25.1,1.66,6.42,53.08
8906,花王,其他業,7.45,14.05,15.4,2.53,6.7,30.48
8050,廣積,電腦及週邊設備業,7.45,15.56,17.43,2.62,7.66,35.16
1216,統一,食品工業,7.45,27.87,22.53,3.49,5.16,59.88
2417,圓剛,電腦及週邊設備業,7.44,13.71,13.81,2.03,5.26,30.72
3528,安馳,電子通路業,7.44,16.8,16.61,2.92,7.18,41.86
7728,光焱科技,其他,7.44,25.93,25.12,3.07,7.34,45.35
3527,聚積,半導體業,7.43,18.94,17.08,2.59,7.47,50.33
3055,蔚華科,電子通路業,7.43,28.36,31.45,2.93,5.82,25.41
1525,江申,汽車工業,7.42,20.88,5.14,4.33,7.22,39.69
1236,宏亞,食品工業,7.41,18.92,8.5,4.43,6.2,45.09
00980T,平衡凱基美國TOP,其他,7.41,29.13,29.12,3.86,5.24,20.33
6792,詠業,通信網路業,7.4,23.82,21.38,3.99,7.46,59.73
4545,銘鈺,電子零組件業,7.4,25.0,27.92,2.85,5.36,48.48
1313,聯成,塑膠工業,7.39,22.56,33.49,0.81,5.07,29.96
00905,FT臺灣Smart,其他,7.38,10.55,9.11,0.57,7.73,39.19
8261,富鼎,半導體業,7.38,17.04,11.07,3.93,5.36,45.86
1256,鮮活果汁-KY,食品工業,7.38,28.4,25.6,2.34,7.2,54.93
9930,中聯資源,綠能環保,7.38,27.37,23.12,3.94,7.22,54.87
1731,美吾華,生技醫療業,7.38,27.39,25.62,3.42,5.96,45.33
4142,國光生,生技醫療業,7.37,13.55,7.24,1.13,6.42,33.82
3028,增你強,電子通路業,7.37,22.35,32.12,1.34,7.27,22.05
1314,中石化,塑膠工業,7.37,13.99,16.0,2.73,5.84,37.61
020027,元大上櫃ESG成長N,其他,7.37,26.86,34.4,1.8,5.09,23.67
00876,元大全球5G,其他,7.36,28.24,32.03,2.75,6.95,21.86
8102,傑霖科技,其他,7.36,12.43,15.21,2.78,5.04,22.71
6590,普鴻,資訊服務業,7.35,16.48,24.51,0.77,7.03,36.66
4157,太景*-KY,生技醫療業,7.35,9.37,10.88,1.44,6.49,20.23
5312,寶島科,生技醫療業,7.35,21.41,21.08,4.03,7.93,48.13
2702,華園,觀光餐旅,7.34,28.23,32.19,2.67,5.5,22.71
5548,安倉,建材營造業,7.34,18.88,21.49,4.09,5.17,28.73
6790,永豐實,造紙工業,7.33,20.47,14.05,4.42,5.32,64.43
3483,力致,電腦及週邊設備業,7.33,13.08,6.61,0.62,5.68,36.63
4414,如興,紡織纖維,7.33,15.24,9.7,4.87,5.07,35.09
02001R,富邦蘋果反一N,其他,7.33,23.66,21.69,2.94,7.3,60.48
1467,南緯,紡織纖維,7.33,21.5,28.84,1.62,7.83,36.7
5904,寶雅,居家生活,7.32,28.95,23.59,3.06,5.26,58.1
3504,揚明光,光電業,7.32,10.13,13.82,1.6,7.31,25.1
6419,京晨科,光電業,7.31,18.31,20.99,4.7,7.75,26.1
6756,威鋒電子,半導體業,7.31,26.97,37.42,0.59,5.18,21.07
00703,台新MSCI中國,其他,7.31,23.23,26.3,2.95,5.5,47.09
00725B,國泰投資級公司債,其他,7.3,16.57,12.47,3.1,5.34,40.49
2542,興富發,建材營造業,7.3,19.67,8.9,3.05,6.8,56.72
6230,尼得科超眾,電腦及週邊設備業,7.3,29.6,28.74,4.26,6.28,37.28
6526,達發,半導體業,7.3,13.75,13.6,3.43,5.72,24.37
8107,大億金茂,電機機械,7.28,12.5,9.31,2.88,7.38,27.63
6213,聯茂,電子零組件業,7.28,29.95,30.16,3.07,6.26,20.56
2328,廣宇,電子零組件業,7.28,28.74,26.43,2.88,5.94,56.43
5371,中光電,光電業,7.27,25.4,37.73,0.77,6.75,28.86
5258,虹堡,電腦及週邊設備業,7.26,15.87,7.08,2.6,5.78,32.25
00845B,富邦新興投等債,其他,7.26,21.42,7.13,4.71,5.97,59.26
020037,元大金融高股息N,其他,7.25,29.33,30.41,3.41,6.4,29.11
1537,廣隆,電機機械,7.25,19.64,19.56,4.22,6.02,43.13
5356,協益,電腦及週邊設備業,7.25,21.15,16.5,4.01,6.99,61.16
2890,永豐金,金融保險業,7.25,14.81,15.59,1.75,7.41,58.71
8096,擎亞,電子通路業,7.23,16.72,9.45,3.56,6.2,44.96
1513,中興電,電機機械,7.23,26.39,35.59,1.42,6.22,30.8
5016,松和,鋼鐵工業,7.23,13.74,20.61,1.84,6.36,26.0
020011,統一微波高息20N,其他,7.22,22.8,21.46,4.23,5.64,59.28
00865B,國泰US短期公債,其他,7.21,12.24,14.79,2.25,6.79,30.21
7791,皇家可口,其他,7.2,28.77,24.56,3.52,7.8,54.43
6806,森崴能源,綠能環保,7.2,25.65,28.32,1.13,6.85,61.01
2430,燦坤,電子通路業,7.2,16.48,18.19,4.62,7.87,39.78
6492,生華科,生技醫療業,7.19,21.35,19.81,4.46,5.79,59.0
9934,成霖,居家生活,7.18,16.31,18.13,4.59,6.42,34.42
00862B,中信投資級公司債,其他,7.17,25.72,29.8,4.25,6.13,33.71
8103,瀚荃,電子零組件業,7.17,21.29,5.09,1.7,7.28,60.54
00929,復華台灣科技優息,其他,7.16,10.99,12.31,1.36,6.58,40.86
6770,力積電,半導體業,7.16,26.26,24.94,3.73,5.87,55.59
006208,富邦台50,其他,7.16,10.31,15.3,1.54,7.74,30.67
2420,新巨,電子零組件業,7.14,24.59,22.06,4.58,5.59,69.45
6661,威健生技,生技醫療業,7.13,18.47,21.49,3.46,7.34,31.19
6969,成信實業*-創,其他,7.13,23.96,28.8,1.87,6.37,57.33
1309,台達化,塑膠工業,7.11,17.96,28.47,0.57,6.44,36.47
5302,太欣,半導體業,7.11,19.56,6.3,2.27,7.88,57.93
2454,聯發科,半導體業,7.1,21.69,20.74,5.24,6.8,55.0
00720B,元大投資級公司債,其他,7.1,22.01,26.46,2.59,6.09,44.04
3707,漢磊,半導體業,7.1,29.8,30.4,2.87,5.49,49.94
1305,華夏,塑膠工業,7.09,20.38,5.43,4.46,7.92,48.28
00988A,主動統一全球創新,其他,7.09,27.46,30.48,4.53,7.03,36.57
2751,王座,其他,7.08,22.39,24.62,4.3,7.3,45.69
6472,保瑞,生技醫療業,7.08,20.19,25.4,3.5,6.43,24.91
3036A,文曄甲特,其他,7.07,28.68,34.43,1.26,7.9,45.81
6742,澤米,光電業,7.07,13.7,7.96,2.62,6.97,37.71
1464,得力,紡織纖維,7.07,11.26,9.26,1.04,5.41,41.04
6241,易通展,通信網路業,7.05,23.24,34.77,1.42,7.38,35.66
00830,國泰費城半導體,其他,7.05,11.23,21.24,0.9,6.0,28.64
5287,數字,數位雲端,7.04,29.21,35.9,0.82,7.0,46.35
6417,韋僑,通信網路業,7.03,27.66,37.21,1.42,5.48,37.76
00758B,復華能源債,其他,7.03,17.17,28.03,0.65,6.12,36.55
00646,元大S&P500,其他,7.03,9.26,13.36,0.66,7.54,47.14
7704,明遠精密,其他,7.03,16.78,8.32,2.13,6.92,58.69
4745,合富-KY,生技醫療業,7.02,13.12,20.27,0.99,7.38,41.3
8227,巨有科技,半導體業,7.02,10.99,9.25,2.65,6.75,25.44
6574,霈方,生技醫療業,7.01,15.29,20.74,1.94,7.2,44.13
2851,中再保,金融保險業,7.01,19.89,19.36,3.34,7.5,50.49
6169,昱泉,文化創意業,7.01,13.2,24.17,0.7,5.1,23.93
3321,同泰,電子零組件業,7.01,15.47,8.54,1.06,5.89,66.81
00687B,國泰20年美債,其他,7.0,18.88,24.35,1.16,7.68,58.7
4406,新昕纖,紡織纖維,7.0,16.5,5.05,2.99,6.55,33.63
4175,杏一,生技醫療業,6.99,15.81,7.26,4.29,7.93,34.72
6841,長佳智能,生技醫療業,6.99,20.87,24.59,1.0,6.04,66.2
4160,訊聯基因,生技醫療業,6.99,17.56,16.44,2.28,7.83,64.04
2945,三商家購,貿易百貨業,6.98,18.34,22.52,3.64,6.39,38.11
1540,喬福,電機機械,6.97,14.7,8.18,1.84,7.58,55.66
1441,大東,紡織纖維,6.97,18.28,12.58,3.94,5.5,65.55
006206,元大上證50,其他,6.97,29.25,36.49,0.66,6.12,45.89
4533,協易機,電機機械,6.96,18.18,11.53,4.48,6.88,64.47
5347,世界,半導體業,6.95,28.58,35.44,2.32,6.53,28.36
6266,泰詠,電子零組件業,6.95,11.54,10.38,3.56,7.56,21.12
00786B,元大10年IG銀行債,其他,6.94,10.94,7.99,1.84,5.4,32.96
2312,金寶,其他電子業,6.94,29.66,31.75,2.87,5.33,40.35
009805,新光美國電力基建,其他,6.93,21.5,27.19,4.1,6.68,31.96
1310,台苯,塑膠工業,6.93,26.93,39.37,0.98,6.15,30.7
1539,巨庭,電機機械,6.92,19.39,21.95,4.62,6.14,43.17
5285,界霖,半導體業,6.92,22.37,33.4,0.84,5.66,49.4
4942,嘉彰,光電業,6.91,12.22,13.99,1.78,6.7,52.14
1734,杏輝,生技醫療業,6.9,27.63,32.12,2.64,6.05,47.72
2524,京城,建材營造業,6.9,13.05,7.57,1.58,6.54,44.35
4528,江興鍛,電機機械,6.89,12.66,15.7,3.24,5.02,32.85
2330,台積電,半導體業,6.89,20.34,24.43,7.76,7.48,21.13
00908,富邦入息REITs+,其他,6.88,13.44,19.31,0.95,7.6,58.95
1213,大飲,食品工業,6.88,28.51,37.27,1.92,5.9,32.49
5007,三星,鋼鐵工業,6.88,19.92,25.51,3.23,7.23,30.32
00636,國泰中國A50,其他,6.88,20.3,18.48,4.12,6.99,67.33
01001T,土銀富邦R1,其他,6.87,21.59,25.26,1.87,7.22,63.14
2061,風青,電器電纜,6.86,21.28,27.44,4.67,7.64,33.94
3018,隆銘綠能,其他電子業,6.86,26.16,34.92,2.99,6.88,30.28
6843,進典,電機機械,6.86,9.15,13.64,2.49,6.68,25.08
6116,彩晶,光電業,6.85,28.61,33.72,3.82,7.16,23.41
00697B,元大美債7-10,其他,6.85,21.26,22.49,3.29,7.96,51.65
6233,旺玖,半導體業,6.84,8.34,19.16,0.65,7.96,27.71
6224,聚鼎,電子零組件業,6.84,17.0,19.42,3.16,6.83,44.58
3005,神基,電腦及週邊設備業,6.84,12.79,16.33,3.58,6.12,35.14
3557,嘉威,居家生活,6.83,18.99,5.21,4.48,5.27,45.94
3672,康聯訊,通信網路業,6.83,28.42,37.64,1.88,7.81,32.41
4503,金雨,電機機械,6.83,22.3,26.55,2.43,6.77,57.58
6510,精測,半導體業,6.82,8.78,19.86,0.61,5.02,29.6
6170,統振,通信網路業,6.81,15.85,7.91,3.15,5.24,49.5
5880,合庫金,金融保險業,6.81,9.51,19.64,1.44,7.99,21.37
5212,凌網,資訊服務業,6.81,11.63,13.09,3.15,7.87,38.55
1714,和桐,化學工業,6.81,13.52,10.53,3.96,5.78,45.83
6235,華孚,電腦及週邊設備業,6.81,24.21,31.74,3.24,6.26,31.11
00898,國泰基因免疫革命,其他,6.81,10.7,10.19,4.19,7.7,23.26
4741,泓瀚,化學工業,6.8,7.45,15.79,1.6,6.4,20.18
2355,敬鵬,電子零組件業,6.8,11.84,15.4,0.95,7.97,60.19
6782,視陽,生技醫療業,6.8,22.44,27.0,2.1,6.91,58.69
4754,國碳科,化學工業,6.79,14.4,20.08,3.63,5.96,25.4
1473,台南,紡織纖維,6.79,20.29,21.73,2.83,6.48,69.98
4441,振大環球,其他,6.79,24.09,31.79,3.16,7.5,34.15
6620,漢達,其他,6.77,26.99,25.67,4.48,7.75,61.88
6669,緯穎,電腦及週邊設備業,6.76,11.49,16.49,4.47,7.04,24.64
3708,上緯投控,綠能環保,6.76,21.7,28.85,2.55,7.13,46.73
00924,復華S&P500成長,其他,6.76,6.29,9.45,1.35,7.76,23.7
00728,第一金工業30,其他,6.75,20.94,34.16,1.78,5.24,27.87
3363,上詮,通信網路業,6.75,19.86,24.02,4.79,7.53,44.61
00899,FT潔淨能源,其他,6.74,15.68,27.26,1.74,6.44,26.34
3259,鑫創,半導體業,6.74,28.79,28.39,2.61,6.5,69.46
2887,台新新光金,金融保險業,6.74,10.04,20.96,1.16,7.0,24.53
3052,夆典,建材營造業,6.73,15.6,20.96,4.98,5.14,39.56
6821,聯寶,電子零組件業,6.73,29.18,30.96,4.97,5.34,48.88
5425,台半,半導體業,6.71,26.05,34.94,4.59,7.44,21.61
1522A,堤維西甲特,汽車工業,6.7,14.96,15.36,4.13,5.89,57.71
2937,集雅社,居家生活,6.7,21.71,26.89,4.22,5.71,47.0
2545,皇翔,建材營造業,6.69,15.79,21.56,1.88,7.32,57.52
9955,佳龍,綠能環保,6.69,24.74,33.46,4.82,6.57,37.65
3570,大塚,資訊服務業,6.69,24.89,37.43,2.82,7.62,26.36
3188,鑫龍騰,建材營造業,6.69,12.78,12.81,3.25,7.39,47.03
2022,聚亨,鋼鐵工業,6.69,23.83,24.78,4.75,7.17,64.19
6862,三集瑞-KY,其他,6.69,12.18,18.02,3.61,5.81,25.44
6281,全國電,電子通路業,6.68,10.84,11.29,2.0,5.85,41.74
6203,海韻電,電子零組件業,6.68,14.06,24.35,1.65,7.73,30.08
3231,緯創,電腦及週邊設備業,6.68,13.67,18.85,2.87,6.91,41.69
6728,上洋,居家生活,6.68,22.4,22.93,4.57,5.79,65.26
00712,復華富時不動產,其他,6.68,13.27,27.04,0.54,7.46,22.02
4576,大銀微系統,電機機械,6.67,11.81,20.14,2.84,5.28,22.37
1225,福懋油,食品工業,6.67,29.17,37.76,2.61,6.22,22.25
1323,永裕,塑膠工業,6.67,27.83,31.52,2.09,6.82,52.7
3092,鴻碩,電子零組件業,6.67,26.75,33.96,2.34,6.61,42.25
4192,杏國,生技醫療業,6.67,15.99,24.51,2.04,6.79,35.71
3006,晶豪科,半導體業,6.66,11.21,16.94,1.48,6.19,55.77
5244,弘凱,光電業,6.66,22.21,30.37,3.11,5.77,34.56
6556,勝品,光電業,6.65,17.12,9.21,3.56,6.03,69.87
1533,車王電,汽車工業,6.65,6.76,18.58,0.94,5.41,23.18
8028,昇陽半導體,半導體業,6.64,20.96,33.87,0.66,5.05,40.83
006204,永豐臺灣加權,其他,6.63,22.7,28.75,2.2,7.26,50.82
5288,豐祥-KY,電機機械,6.63,11.8,8.84,4.76,7.27,36.12
2363,矽統,半導體業,6.63,18.89,33.7,0.9,6.9,36.15
7782,光速火箭,其他,6.63,24.15,25.74,4.96,6.21,64.4
00926,凱基全球菁英55,其他,6.62,11.97,8.64,2.02,7.63,44.03
5015,華祺,鋼鐵工業,6.62,12.41,20.1,2.73,5.56,31.29
6414,樺漢,電腦及週邊設備業,6.61,10.46,23.87,0.69,7.27,24.62
1459,聯發,紡織纖維,6.61,15.22,7.35,1.75,5.53,68.05
2431,聯昌,電子零組件業,6.61,29.5,26.99,4.88,5.37,60.56
00900,富邦特選高股息30,其他,6.61,25.45,38.23,2.08,6.51,25.97
3169,亞信,半導體業,6.61,12.12,18.55,1.47,6.21,51.53
00913,兆豐台灣晶圓製造,其他,6.6,14.09,13.85,3.08,5.28,59.04
2413,環科,電子零組件業,6.6,14.81,5.99,1.6,5.04,58.93
00841B,凱基AAA-AA公司債,其他,6.59,14.78,5.97,3.43,6.49,34.22
4571,鈞興-KY,電機機械,6.58,18.14,23.07,4.12,6.41,46.35
4534,慶騰,電機機械,6.58,15.65,27.27,0.99,7.06,48.67
4771,望隼,生技醫療業,6.57,21.63,27.86,4.95,7.07,42.01
00731,復華富時高息低波,其他,6.57,16.81,5.74,2.21,7.39,55.15
6875,國邑*,生技醫療業,6.57,23.29,32.55,2.38,6.94,46.01
6231,系微,資訊服務業,6.55,17.07,24.46,1.51,5.6,53.1
6877,鏵友益,其他電子業,6.53,9.69,16.0,3.88,7.16,21.77
5508,永信建,建材營造業,6.53,24.03,31.35,4.99,6.06,48.74
6823,濾能,半導體業,6.52,15.44,22.48,4.86,5.51,38.05
5481,新華,其他業,6.52,18.56,34.15,0.94,5.96,33.66
00708L,期元大S&P黃金正2,其他,6.52,13.96,18.02,4.05,6.84,41.15
9110,越南控-DR,其他,6.52,13.16,23.25,1.03,7.28,47.2
4956,光鋐,光電業,6.52,19.16,27.5,3.79,7.24,30.06
4190,佐登-KY,生技醫療業,6.52,11.7,12.25,4.23,7.19,42.62
2755,揚秦,觀光餐旅,6.5,10.94,19.13,1.54,5.19,43.88
3058,立德,電子零組件業,6.5,7.83,14.13,2.78,5.47,38.88
6637,醫影,其他,6.5,16.28,18.79,2.8,5.91,63.59
4563,百德,電機機械,6.49,17.03,6.77,2.43,7.98,61.64
6278,台表科,光電業,6.48,12.41,18.81,2.44,6.08,45.73
00890B,凱基ESG BBB債15+,其他,6.48,26.1,38.07,1.53,6.58,40.3
00886,永豐美國科技,其他,6.48,23.41,37.23,2.26,6.28,25.14
7716,昱臺國際,其他,6.48,6.74,14.69,1.41,5.39,49.92
6122,擎邦,電機機械,6.48,13.89,6.96,1.37,7.78,60.1
1336,台翰,電子零組件業,6.47,10.05,19.5,2.86,6.17,22.51
3388,崇越電,電子零組件業,6.47,15.11,11.6,3.75,5.12,61.14
2908,特力,貿易百貨業,6.47,27.66,36.92,4.04,7.45,29.84
5321,美而快,數位雲端,6.46,28.2,35.76,2.78,7.55,44.17
1466,聚隆,紡織纖維,6.46,22.86,39.12,1.2,5.8,34.68
3224,三顧,電子通路業,6.45,7.67,6.52,0.66,5.16,38.74
1341,富林-KY,塑膠工業,6.45,13.45,5.52,3.14,6.71,22.43
8354,冠好,其他業,6.44,21.73,29.07,2.1,7.26,57.82
00737,國泰AI機器人,其他,6.44,19.03,36.69,0.96,5.37,27.36
3213,茂訊,電腦及週邊設備業,6.44,9.53,16.58,3.18,7.44,25.83
5227,立凱-KY,電子零組件業,6.43,12.39,24.21,0.95,7.11,44.94
4919,新唐,半導體業,6.42,9.16,13.93,2.61,7.8,49.07
6560,欣普羅,光電業,6.41,9.14,10.03,2.71,6.77,40.3
009807,台新標普科技精選,其他,6.4,17.82,27.91,3.34,7.17,29.39
8084,巨虹,電子通路業,6.4,25.73,38.77,2.02,5.51,33.71
6125,廣運,光電業,6.39,19.71,24.31,4.07,5.38,55.13
9937,全國,油電燃氣業,6.38,18.16,22.28,4.36,5.91,57.36
8477,創業家,數位雲端,6.38,20.85,23.35,4.99,7.36,65.31
2395,研華,電腦及週邊設備業,6.38,15.09,24.42,4.82,6.8,29.02
6146,耕興,其他電子業,6.37,11.75,21.34,2.54,7.86,39.12
1783,和康生,生技醫療業,6.37,13.22,15.76,2.47,7.9,65.21
3073,天方能源,綠能環保,6.37,14.5,12.95,3.3,6.07,60.83
00950B,凱基A級公司債,其他,6.37,6.43,8.86,0.8,5.03,48.25
6624,萬年清,綠能環保,6.37,26.76,39.02,0.52,5.83,50.76
910861,神州-DR,其他,6.36,5.24,19.02,0.86,7.97,28.82
5871,中租-KY,其他業,6.36,5.99,10.85,1.21,5.0,49.29
8011,台通,通信網路業,6.36,15.81,29.37,0.76,7.74,40.46
1711,永光,化學工業,6.35,15.32,16.23,4.37,7.96,63.23
6598,ABC-KY,生技醫療業,6.34,26.94,34.26,2.61,7.66,53.8
3105,穩懋,半導體業,6.34,5.46,8.72,1.9,6.26,21.88
3466,德晉,通信網路業,6.34,7.14,15.41,2.26,5.87,36.88
2228,劍麟,汽車工業,6.34,16.36,25.25,1.87,6.29,59.02
3583,辛耘,半導體業,6.33,26.54,29.32,4.67,6.5,63.84
3511,矽瑪,電子零組件業,6.33,27.0,34.31,3.95,6.42,49.75
3450,聯鈞,半導體業,6.32,19.88,27.61,2.45,5.07,55.85
009804,聯邦台精彩50,其他,6.32,11.45,20.11,1.34,7.77,53.27
3207,耀勝,電子零組件業,6.31,15.34,25.36,3.27,6.22,24.7
1907,永豐餘,造紙工業,6.3,20.46,36.01,1.84,5.46,33.18
2024,志聯,鋼鐵工業,6.29,7.09,15.82,0.7,5.99,51.35
1788,杏昌,生技醫療業,6.29,5.76,6.48,0.55,6.95,26.62
00989A,主動摩根美國科技,其他,6.28,20.16,28.33,3.65,5.31,49.27
6592B,和潤企業乙特,其他,6.27,7.29,10.28,4.93,5.83,22.78
2023,燁輝,鋼鐵工業,6.27,14.41,20.68,4.94,5.51,47.82
1752,南光,生技醫療業,6.27,28.77,38.6,1.42,5.75,53.47
00678,群益那斯達克生技,其他,6.27,13.13,19.02,3.68,5.68,48.39
2643,捷迅,航運業,6.26,21.69,25.54,3.31,5.64,62.08
2645,長榮航太,航運業,6.26,11.45,19.39,2.85,7.65,45.48
4513,福裕,電機機械,6.26,29.92,37.45,3.79,5.31,39.47
00764B,群益25年美債,其他,6.26,11.92,10.95,3.39,7.88,55.53
2301,光寶科,電腦及週邊設備業,6.25,16.59,26.27,4.49,5.1,39.43
5465,富驊,電腦及週邊設備業,6.25,25.44,32.46,3.34,6.87,56.69
00710B,復華彭博非投等債,其他,6.25,26.58,35.04,3.2,7.52,46.22
00981D,主動中信非投等債,其他,6.24,28.8,38.8,4.52,7.98,26.14
8109,博大,電子零組件業,6.24,23.58,33.2,4.5,6.9,40.98
3293,鈊象,文化創意業,6.23,11.87,8.21,2.97,6.21,57.85
6192,巨路,其他電子業,6.22,10.82,17.56,1.06,6.43,61.54
00883B,中信ESG投資級債,其他,6.22,9.19,22.9,1.48,7.65,39.35
2528,皇普,建材營造業,6.22,13.19,21.98,1.97,7.31,50.86
2070,精湛,電機機械,6.22,15.17,24.62,0.87,7.14,62.07
7788,松川精密,其他,6.22,11.83,20.22,4.22,5.96,30.02
2923,鼎固-KY,建材營造業,6.22,8.48,16.99,1.48,5.19,59.44
1101B,台泥乙特,其他,6.22,24.87,38.79,3.61,5.11,21.15
3002,歐格,電腦及週邊設備業,6.22,27.35,32.76,2.64,5.45,63.23
3206,志豐,電子零組件業,6.21,11.82,20.28,1.78,5.01,59.3
3229,晟鈦,電子零組件業,6.21,13.66,6.52,2.1,6.75,51.31
6720,久昌,其他,6.2,27.88,37.94,3.08,7.64,38.0
00957B,兆豐US優選投等債,其他,6.2,28.42,37.91,3.64,6.76,33.41
2101,南港,橡膠工業,6.2,29.05,30.43,4.78,7.29,69.02
1584,精剛,其他業,6.19,16.09,28.64,0.84,6.71,59.2
6859,伯特光,光電業,6.19,18.99,32.49,1.64,6.14,45.17
00645,富邦日本,其他,6.19,20.19,36.62,0.68,5.77,43.3
8080,泰霖,建材營造業,6.18,23.17,35.68,2.29,6.35,43.08
4106,雃博,生技醫療業,6.18,9.54,12.69,2.33,7.57,55.0
1452,宏益,紡織纖維,6.17,15.97,28.61,2.56,7.63,35.41
9917,中保科,其他業,6.17,28.41,33.13,4.61,5.75,52.71
8488,吉源-KY,其他業,6.17,7.62,12.28,0.99,5.18,65.28
00783,富邦中証500,其他,6.17,27.69,38.17,0.83,6.19,67.88
00755B,群益投資級公用債,其他,6.16,15.97,23.68,4.1,7.63,49.01
6016,康和證,金融保險業,6.16,8.72,20.32,1.0,6.84,47.15
7714,創泓科技,其他,6.15,13.13,12.45,3.6,5.64,63.81
4561,健椿,電機機械,6.15,15.4,28.07,2.57,5.15,39.18
6199,天品,其他業,6.15,19.69,28.75,4.93,5.17,40.27
5529,鉅陞,建材營造業,6.15,7.48,10.44,1.63,7.24,55.1
6108,競國,電子零組件業,6.14,12.43,21.66,2.14,6.29,40.19
3693,營邦,電腦及週邊設備業,6.14,17.42,29.57,4.58,5.26,20.3
1301,台塑,塑膠工業,6.13,22.4,,0.87,5.56,42.64
6591,動力-KY,電腦及週邊設備業,6.13,18.42,33.49,1.41,7.25,40.82
9906,欣巴巴,建材營造業,6.13,25.01,38.54,4.91,7.57,30.8
6616,特昇-KY,居家生活,6.13,10.12,5.05,2.22,6.96,25.46
2103,台橡,橡膠工業,6.13,12.14,18.86,3.47,6.95,46.18
3150,鈺寶-創,其他,6.13,25.07,31.03,4.7,5.74,64.42
6546,正基,通信網路業,6.12,18.59,36.25,1.67,6.48,25.85
4953,緯軟,資訊服務業,6.12,17.96,21.68,4.05,5.89,65.95
00877,復華中國5G,其他,6.12,9.18,11.43,4.55,7.36,46.74
5452,佶優,其他電子業,6.12,28.43,36.09,1.82,7.03,61.77
2316,楠梓電,電子零組件業,6.11,12.74,6.81,3.98,7.52,45.16
1319,東陽,汽車工業,6.11,25.25,36.13,4.42,7.85,49.58
8032,光菱,電子通路業,6.11,21.77,31.89,3.4,6.89,40.8
4153,鈺緯,生技醫療業,6.1,20.16,38.56,1.0,6.28,31.38
3045,台灣大,通信網路業,6.1,19.13,23.43,3.99,7.62,69.07
00771,元大US高息特別股,其他,6.1,12.86,22.59,2.29,7.41,41.43
1709,和益,化學工業,6.09,25.17,31.31,3.6,6.69,61.19
1447,力鵬,紡織纖維,6.09,13.07,15.43,4.15,7.34,66.21
2637,慧洋-KY,航運業,6.09,26.64,33.82,2.01,7.9,61.58
7734,印能科技,其他,6.09,11.98,16.48,4.84,6.3,54.66
1773,勝一,化學工業,6.07,16.21,5.16,2.28,7.6,62.98
5203,訊連,資訊服務業,6.07,13.36,32.25,0.6,7.79,27.48
1436,華友聯,建材營造業,6.06,24.25,33.11,2.7,5.74,63.36
4162,智擎,生技醫療業,6.06,8.66,26.05,0.64,7.04,24.32
2754,亞洲藏壽司,觀光餐旅,6.06,16.22,28.61,3.45,7.81,24.81
5543,桓鼎-KY,建材營造業,6.06,10.1,16.68,4.82,6.66,44.37
4912,聯德控股-KY,電子零組件業,6.05,14.58,25.31,3.78,7.98,38.53
6167,久正,光電業,6.04,8.69,14.87,2.15,6.65,58.24
00686R,群益臺灣加權反1,其他,6.03,8.52,17.34,4.7,6.17,38.35
2739,寒舍,觀光餐旅,6.02,7.87,16.54,3.8,6.27,39.36
1437,勤益控,其他業,6.02,10.4,19.93,4.16,5.33,32.6
6259,百徽,電子零組件業,6.0,21.42,32.33,2.75,6.36,50.19
1440,南紡,紡織纖維,6.0,6.29,22.17,1.19,7.14,21.31
3356,奇偶,光電業,5.99,19.51,32.33,2.94,7.71,43.14
2618,長榮航,航運業,5.99,15.26,32.91,1.33,7.06,30.83
6811,宏碁資訊,數位雲端,5.98,17.63,29.92,4.06,5.87,31.71
8048,德勝,通信網路業,5.97,29.42,39.84,2.72,7.89,47.44
00643K,群益深証中小+R,其他,5.97,6.16,18.5,1.33,5.13,49.2
3011,今皓,電子零組件業,5.97,19.25,33.42,4.05,6.8,25.59
6958,日盛台駿,其他,5.97,29.22,37.36,2.3,5.9,51.72
3019,亞光,光電業,5.96,8.19,13.84,3.42,6.34,48.85
2596,綠意,建材營造業,5.95,26.96,39.96,0.52,6.11,69.3
3303,岱稜,其他電子業,5.95,21.69,38.05,2.16,5.42,34.56
6739,竹陞科技,其他,5.94,11.92,15.18,4.89,7.8,68.46
1733,五鼎,生技醫療業,5.94,5.27,11.13,1.32,6.33,57.74
2838,聯邦銀,金融保險業,5.93,13.06,31.74,0.9,6.09,32.76
2606,裕民,航運業,5.93,20.14,34.95,3.47,5.99,27.97
2383,台光電,電子零組件業,5.92,18.01,28.46,2.07,7.56,59.02
3083,網龍,文化創意業,5.92,18.34,38.91,1.38,6.69,27.74
2028,威致,鋼鐵工業,5.92,15.61,31.5,1.34,7.06,48.98
4772,台特化,其他,5.91,27.3,35.37,3.29,6.91,58.04
6272,驊陞,其他,5.91,13.87,29.27,2.23,7.99,23.18
00919,群益台灣精選高息,其他,5.9,12.52,25.03,1.11,7.94,56.74
6751,智聯服務,資訊服務業,5.9,8.52,22.17,2.63,7.07,27.16
3162,精確,電機機械,5.9,17.15,29.94,1.95,5.01,50.23
6139,亞翔,其他電子業,5.9,5.93,14.45,4.71,6.22,33.42
2729,瓦城,觀光餐旅,5.9,25.45,32.88,4.29,5.97,64.97
2901,欣欣,貿易百貨業,5.89,17.57,25.56,3.37,7.94,50.07
2034,允強,鋼鐵工業,5.89,6.41,24.5,0.92,7.02,27.38
00852L,國泰美國道瓊正2,其他,5.88,10.72,16.51,4.06,5.39,51.04
00903,富邦元宇宙,其他,5.88,17.77,25.97,2.07,6.31,64.84
3374,精材,半導體業,5.87,8.41,6.79,1.45,5.91,53.28
6512,啟發電,其他電子業,5.86,10.63,5.62,2.33,5.76,48.15
2402,毅嘉,電子零組件業,5.85,20.51,34.83,2.17,7.27,40.29
6753,龍德造船,航運業,5.85,19.14,36.75,2.37,5.72,27.41
8341,日友,綠能環保,5.85,8.13,19.61,1.01,5.35,58.84
2731,雄獅,觀光餐旅,5.85,11.06,29.75,0.9,7.94,35.39
1809,中釉,玻璃陶瓷,5.85,18.74,37.48,0.6,5.84,48.27
1201,味全,食品工業,5.85,5.61,12.76,2.6,6.51,43.71
8436,大江,生技醫療業,5.85,7.61,9.89,2.64,5.8,58.2
2364,倫飛,電腦及週邊設備業,5.84,24.22,39.85,4.98,7.29,39.68
00670L,富邦NASDAQ正2,其他,5.83,27.37,35.96,4.54,5.9,53.6
2459,敦吉,其他電子業,5.83,9.22,14.73,3.95,7.88,52.03
2457,飛宏,電子零組件業,5.83,9.81,21.97,3.72,7.5,24.37
3257,虹冠電,半導體業,5.82,23.44,38.99,4.62,6.16,37.11
8489,三貝德,其他業,5.82,6.77,19.29,1.77,5.53,43.38
00901,永豐智能車供應鏈,其他,5.81,26.52,39.89,1.48,5.37,69.71
00714,群益道瓊美國地產,其他,5.81,12.77,32.36,1.01,5.23,26.08
02001B,統一美國政府債N,其他,5.81,21.47,33.97,3.94,6.53,44.97
5243,乙盛-KY,光電業,5.81,17.39,32.27,1.4,5.13,55.31
5269,祥碩,半導體業,5.79,11.16,25.35,2.39,6.92,36.21
7738,東聯互動,其他,5.78,21.07,33.71,4.44,7.87,42.2
7751,竑騰,其他,5.78,10.32,21.86,0.84,7.3,63.83
8085,福華,其他電子業,5.78,12.04,25.35,4.99,7.88,23.09
6861,睿生光電,生技醫療業,5.78,5.16,11.15,0.95,5.53,66.47
00856B,永豐1-3年美公債,其他,5.78,10.9,22.61,3.63,7.1,30.43
00864B,中信美國公債0-1,其他,5.77,11.22,6.23,3.61,5.15,48.79
2208,台船,航運業,5.77,18.08,24.76,4.21,5.78,69.92
2064,晉椿,鋼鐵工業,5.76,21.45,34.39,1.94,6.32,61.69
00687C,國泰20年美債+櫃U,其他,5.76,22.98,38.87,2.07,6.01,44.22
3563,牧德,光電業,5.74,8.88,22.78,0.58,7.97,51.12
4726,永昕,生技醫療業,5.74,7.74,18.75,3.78,7.26,36.55
3611,鼎翰,電腦及週邊設備業,5.73,26.05,39.37,3.44,6.93,41.16
6225,天瀚,光電業,5.73,20.69,31.12,3.72,7.32,52.09
8390,金益鼎,綠能環保,5.71,19.29,26.86,3.01,6.28,64.5
4107,邦特,生技醫療業,5.71,14.52,30.51,2.82,6.58,33.73
1435,中福,其他業,5.7,18.06,37.79,0.78,7.29,43.99
00980B,台新特選IG債10+,其他,5.7,8.71,17.9,3.14,7.67,49.98
2527,宏璟,建材營造業,5.7,10.29,11.85,4.4,6.16,66.06
3523,迎輝,光電業,5.67,29.85,39.86,4.52,5.56,45.86
2476,鉅祥,電子零組件業,5.66,20.7,37.94,4.7,7.8,26.71
00963,中信全球高股息,其他,5.66,9.36,22.78,1.31,5.91,52.16
3580,友威科,其他電子業,5.65,10.87,21.19,3.45,6.48,45.32
4432,銘旺實,紡織纖維,5.65,8.56,23.09,2.96,6.66,38.18
8081,致新,半導體業,5.65,10.33,15.42,4.36,6.0,62.87
4164,承業醫,生技醫療業,5.63,19.76,33.15,1.81,5.97,61.89
6275,元山,電子零組件業,5.63,11.24,31.83,0.82,5.07,30.28
8101,華冠,通信網路業,5.62,5.78,6.94,2.04,7.83,35.2
1231,聯華食,食品工業,5.62,12.36,20.89,3.47,6.63,54.85
4123,晟德,生技醫療業,5.62,9.34,6.28,1.25,6.48,69.05
3360,尚立,電子通路業,5.62,10.8,23.82,3.81,5.56,30.86
4442,竣邦-KY,紡織纖維,5.61,12.58,23.78,5.0,6.84,43.4
5490,同亨,電腦及週邊設備業,5.61,22.22,39.14,4.63,5.94,31.62
1817,凱撒衛,玻璃陶瓷,5.6,27.19,35.44,3.12,7.31,66.79
6177,達麗,建材營造業,5.6,24.77,35.09,4.27,5.14,64.01
6188,廣明,電腦及週邊設備業,5.6,7.96,21.42,4.33,6.49,25.06
4166,友霖,其他,5.59,6.7,16.1,3.25,6.72,47.8
4183,福永生技,生技醫療業,5.59,12.8,26.74,3.86,6.17,35.13
6443,元晶,光電業,5.59,20.34,34.26,4.96,6.22,48.01
6208,日揚,電子零組件業,5.59,5.6,17.15,4.1,5.22,30.89
4163,鐿鈦,生技醫療業,5.58,14.19,29.93,3.46,5.35,24.35
6411,晶焱,半導體業,5.58,6.57,19.77,1.15,6.25,56.44
3085,新零售,數位雲端,5.56,20.2,29.32,4.7,5.06,69.28
3313,斐成,其他業,5.56,16.29,31.67,3.37,5.18,34.31
5905,南仁湖,觀光餐旅,5.55,14.2,28.9,2.53,5.27,48.69
6265,方土昶,電子通路業,5.55,12.05,28.53,2.29,7.9,33.32
00902,中信電池及儲能,其他,5.55,5.17,18.13,3.13,6.87,29.01
2611,志信,航運業,5.55,9.02,8.66,4.22,7.86,50.96
020035,元大上櫃ESG高息N,其他,5.55,22.56,37.59,2.02,7.14,51.75
3664,安瑞-KY,通信網路業,5.54,14.0,5.86,4.14,5.69,61.67
3339,泰谷,光電業,5.54,5.59,11.28,3.26,5.38,45.67
9910,豐泰,運動休閒,5.54,7.61,21.48,4.77,5.71,21.72
3434,哲固,光電業,5.54,8.21,18.56,2.04,5.87,56.15
4958,臻鼎-KY,電子零組件業,5.54,16.9,35.14,0.69,7.4,54.14
6910,德鴻,其他,5.53,16.48,39.67,0.66,6.94,39.59
1338,廣華-KY,汽車工業,5.53,22.55,32.73,4.7,7.9,63.93
4413,飛寶企業,紡織纖維,5.52,6.45,16.33,3.04,7.56,42.8
00719B,元大美債1-3,其他,5.52,9.99,18.56,4.63,6.41,50.33
00972,野村日本動能高息,其他,5.51,8.44,22.82,3.35,6.72,26.52
3024,憶聲,光電業,5.51,10.73,33.39,0.99,6.15,29.66
1805,寶徠,建材營造業,5.51,7.28,13.48,4.45,7.8,58.36
4127,天良,生技醫療業,5.5,13.65,31.14,2.58,5.19,37.8
2882A,國泰特,金融保險業,5.5,9.53,25.63,2.22,5.29,36.05
2032,新鋼,鋼鐵工業,5.49,5.28,13.34,1.72,5.63,64.11
8481,政伸,其他業,5.49,24.5,35.69,3.12,7.63,66.09
8431,匯鑽科,其他電子業,5.48,19.79,29.46,3.24,6.05,68.97
00653L,富邦印度正2,其他,5.48,7.44,6.31,4.91,7.17,39.01
00648R,元大S&P500反1,其他,5.48,28.72,38.94,3.16,5.51,50.63
00753L,中信中國50正2,其他,5.47,15.69,26.59,2.13,6.13,69.68
6234,高僑,光電業,5.47,7.02,20.02,2.76,5.56,44.98
2882B,國泰金乙特,金融保險業,5.47,6.66,17.06,4.0,6.61,46.37
4305,世坤,塑膠工業,5.47,8.8,23.64,4.03,6.86,25.58
3607,谷崧,電子零組件業,5.47,8.9,10.24,4.41,5.99,68.81
3522,御嵿,觀光餐旅,5.46,21.74,34.75,4.0,5.82,53.84
6150,撼訊,電腦及週邊設備業,5.46,6.93,14.44,3.04,7.24,51.24
6903,巨漢,其他,5.46,16.78,38.15,0.99,5.16,43.57
1102,亞泥,水泥工業,5.46,17.57,37.93,1.01,5.62,48.29
1203,味王,食品工業,5.45,21.14,31.48,3.67,5.38,62.99
6680,鑫創電子,電腦及週邊設備業,5.45,14.51,35.15,1.99,7.85,37.85
4743,合一,生技醫療業,5.45,17.21,28.78,2.19,6.7,64.92
8437,大地-KY,其他業,5.44,14.61,25.42,4.94,5.22,51.64
0057,富邦摩台,其他,5.44,6.45,19.5,3.28,5.99,35.93
2610,華航,航運業,5.44,11.15,6.16,2.61,5.79,67.08
00836B,永豐10年A公司債,其他,5.43,19.82,39.94,2.69,5.95,31.45
5511,德昌,建材營造業,5.43,9.0,28.02,0.95,5.25,43.32
3663,鑫科,其他電子業,5.43,11.58,33.96,0.6,7.52,30.18
1232,大統益,食品工業,5.43,14.63,33.04,1.8,6.76,48.11
6441,廣錠,電腦及週邊設備業,5.42,5.55,6.83,4.26,6.52,24.69
8183,精星,其他電子業,5.42,6.97,27.84,1.43,7.52,28.09
00773B,中信優先金融債,其他,5.41,10.27,28.57,1.31,6.96,47.28
6649,台生材,生技醫療業,5.41,6.63,13.74,4.26,5.52,50.98
1808,潤隆,建材營造業,5.41,6.44,23.5,1.17,7.27,43.91
4976,佳凌,光電業,5.4,5.78,26.46,1.37,5.42,22.92
009800,中信NASDAQ,其他,5.4,13.53,29.3,3.17,7.77,31.75
6666,羅麗芬-KY,生技醫療業,5.39,15.21,32.9,3.98,5.79,23.73
2453,凌群,資訊服務業,5.39,16.85,28.84,3.86,7.86,55.29
2489,瑞軒,光電業,5.38,17.11,31.69,2.45,6.01,54.94
5469,瀚宇博,電子零組件業,5.37,8.42,23.96,4.06,6.19,21.35
2601,益航,貿易百貨業,5.37,19.27,39.72,2.33,5.02,39.19
3537,堡達,電子零組件業,5.35,6.5,22.82,2.18,7.19,39.01
1342,八貫,其他業,5.35,14.39,33.32,0.85,5.34,52.56
2881B,富邦金乙特,金融保險業,5.35,8.11,8.35,2.91,7.0,68.27
00878,國泰永續高股息,其他,5.35,25.2,37.48,4.92,6.62,60.31
6606,建德工業,電機機械,5.33,8.24,9.79,4.32,6.83,60.08
1475,業旺,紡織纖維,5.31,11.19,5.39,2.93,7.83,62.69
5546,永固-KY,建材營造業,5.3,17.24,30.09,4.14,6.26,52.33
8410,森田,電腦及週邊設備業,5.29,15.86,30.81,2.48,6.47,56.02
2634,漢翔,航運業,5.29,14.95,24.64,4.34,6.34,62.15
6890,來億-KY,其他,5.29,18.5,34.3,1.51,5.33,69.98
00656R,國泰中國A50反1,其他,5.27,8.05,24.31,3.56,5.57,20.69
3010,華立,電子通路業,5.27,5.84,21.34,4.29,6.62,29.4
6743,安普新,其他電子業,5.27,21.95,36.63,4.41,7.08,55.29
6409,旭隼,其他電子業,5.25,14.61,30.76,1.44,7.99,61.03
1304,台聚,塑膠工業,5.24,7.43,11.04,4.25,7.54,68.52
3354,律勝,電子零組件業,5.24,20.18,37.02,2.79,7.18,52.46
00631L,元大台灣50正2,其他,5.24,9.59,32.89,1.13,5.31,27.04
2467,志聖,電子零組件業,5.23,14.11,26.49,2.86,5.33,64.92
00840B,凱基IG精選15+,其他,5.23,9.09,5.12,2.33,7.09,51.8
00654R,富邦印度反1,其他,5.23,22.11,37.12,3.27,6.25,54.57
8931,大汽電,油電燃氣業,5.23,10.17,27.51,3.52,7.48,26.08
8044,網家,數位雲端,5.22,18.67,32.67,4.46,6.27,54.7
00921,兆豐龍頭等權重,其他,5.22,5.92,19.37,1.19,6.96,61.9
5474,聰泰,電腦及週邊設備業,5.22,17.65,36.27,2.98,6.16,44.22
6508,惠光,農業科技業,5.21,13.74,31.14,1.97,6.56,53.43
6698,旭暉應材,其他電子業,5.21,17.38,31.03,4.63,5.4,54.12
00679B,元大美債20年,其他,5.2,17.45,36.15,0.71,6.9,69.95
6527,明達醫,生技醫療業,5.19,18.08,34.58,1.63,5.98,64.68
8083,瑞穎,電機機械,5.19,12.62,34.82,1.53,7.7,33.59
7709,榮田,其他,5.17,20.85,39.75,1.05,5.85,67.24
5206,坤悅,建材營造業,5.16,9.35,26.94,1.45,6.31,59.89
3455,由田,光電業,5.16,11.85,31.51,2.99,5.25,39.14
020041,兆豐半導體氣候N,其他,5.15,8.29,29.38,0.96,7.98,48.9
3615,安可,光電業,5.14,18.02,32.44,2.91,7.92,65.99
8284,三竹,資訊服務業,5.14,6.59,22.17,4.52,6.9,35.35
1587,吉茂,汽車工業,5.13,9.89,24.22,3.78,5.52,48.03
1454,台富,紡織纖維,5.13,5.63,9.34,4.67,7.59,50.36
6538,倉和,電子零組件業,5.13,6.69,22.4,3.15,7.6,39.71
3494,誠研,電腦及週邊設備業,5.12,10.25,36.03,0.98,5.12,20.98
00647L,元大S&P500正2,其他,5.11,6.63,12.23,4.24,6.46,60.43
6432,今展科,電子零組件業,5.11,13.68,24.43,4.05,5.13,68.61
1217,愛之味,食品工業,5.11,14.25,32.65,3.06,6.49,31.43
00676R,富邦臺灣加權反1,其他,5.11,6.13,21.86,4.83,6.03,38.77
3432,台端,電子零組件業,5.11,15.37,34.13,3.17,6.06,37.3
2455,全新,通信網路業,5.1,9.31,26.19,0.82,5.17,62.71
6509,聚和,化學工業,5.1,7.85,8.85,4.5,5.27,61.41
1110,東泥,水泥工業,5.08,12.02,24.94,2.45,7.19,60.7
8433,弘帆,居家生活,5.07,10.94,23.59,2.4,7.54,67.82
3518,柏騰,其他電子業,5.07,5.91,21.92,2.87,7.08,46.36
3437,榮創,光電業,5.06,7.13,21.06,4.13,5.95,47.94
5514,三豐,建材營造業,5.06,5.23,23.55,1.64,5.37,43.31
4581,光隆精密-KY,汽車工業,5.06,5.46,21.38,4.15,6.97,32.05
6578,達邦蛋白,農業科技業,5.05,6.56,22.95,3.92,7.02,30.83
8349,恒耀,鋼鐵工業,5.05,7.35,18.95,4.03,5.98,54.89
2514,龍邦,其他業,5.05,11.06,28.89,2.7,6.49,44.26
00888,永豐台灣ESG,其他,5.04,16.87,36.78,2.65,6.16,41.82
3556,禾瑞亞,半導體業,5.01,16.26,34.94,1.09,5.3,61.78
00952,凱基台灣AI50,其他,5.01,6.02,13.54,3.9,7.03,61.05
3030,德律,其他電子業,5.0,11.29,27.16,2.32,6.77,51.3
8024,佑華,半導體業,5.0,11.51,24.89,3.07,6.63,57.47
2547,日勝生,建材營造業,4.99,12.09,32.01,3.92,7.44,20.6
9918,欣天然,油電燃氣業,4.99,6.3,24.35,1.41,6.79,54.96
00763U,期街口道瓊銅,其他,4.98,5.79,10.75,4.62,7.83,61.49
1591,駿吉-KY,電機機械,4.98,9.43,5.12,2.27,7.08,65.77
8401,白紗科,其他業,4.98,17.94,38.7,3.05,5.82,35.28
6246,臺龍,光電業,4.98,8.38,23.44,4.7,6.39,47.05
2462,良得電,電子零組件業,4.97,7.22,19.47,2.53,5.47,68.03
00680L,元大美債20正2,其他,4.96,14.72,39.52,0.86,6.24,42.48
3548,兆利,電子零組件業,4.96,22.25,37.08,4.95,5.43,67.32
6662,樂斯科,生技醫療業,4.96,17.45,35.67,4.42,5.42,47.87
2477,美隆電,其他電子業,4.95,7.04,25.61,3.34,6.02,21.18
3004,豐達科,鋼鐵工業,4.94,8.79,28.09,3.55,7.12,24.71
4999,鑫禾,電子零組件業,4.93,17.41,35.85,3.98,6.63,40.9
6721,信實,其他業,4.92,18.33,34.73,3.73,7.61,59.1
2444,兆勁,通信網路業,4.92,21.02,35.78,4.26,6.9,69.32
7799,禾榮科,其他,4.92,8.78,7.03,4.52,5.45,62.52
4979,華星光,通信網路業,4.91,7.12,24.85,3.57,7.29,31.24
00939,統一台灣高息動能,其他,4.9,10.94,29.99,1.51,6.07,53.22
2465,麗臺,電腦及週邊設備業,4.89,16.52,29.99,4.56,5.38,65.15
5291,邑昇,電子零組件業,4.89,12.32,34.41,0.73,6.79,57.81
6133,金橋,電子零組件業,4.89,12.98,35.32,2.8,5.86,37.67
6221,晉泰,資訊服務業,4.88,15.74,31.56,2.91,5.99,67.83
020025,統一亞洲半導體N,其他,4.87,17.69,31.75,4.71,6.32,60.97
4120,友華,生技醫療業,4.87,7.02,8.32,4.45,7.07,66.64
1526,日馳,電機機械,4.86,6.13,5.74,2.45,7.37,58.7
8466,美吉吉-KY,其他業,4.86,17.0,35.94,2.72,6.66,52.72
01007T,兆豐國泰R2,其他,4.81,18.72,33.64,3.03,7.41,63.24
8111,立碁,光電業,4.8,6.2,5.32,2.21,5.11,50.7
6754,匯僑設計,居家生活,4.79,11.68,29.44,2.91,5.65,54.54
2356,英業達,電腦及週邊設備業,4.78,6.41,19.93,2.21,5.72,69.87
2548,華固,建材營造業,4.78,14.08,36.44,4.33,6.45,22.94
3306,鼎天,通信網路業,4.77,7.39,26.38,1.82,5.04,54.82
2472,立隆電,電子零組件業,4.77,5.98,25.76,4.48,7.38,21.22
8936,國統,其他業,4.76,10.48,23.06,4.69,5.33,60.66
3666,光耀,光電業,4.76,7.19,28.64,2.71,7.38,30.21
3164,景岳,生技醫療業,4.75,5.12,23.48,4.53,7.98,30.77
4707,磐亞,化學工業,4.74,11.03,35.21,1.14,7.33,42.88
8438,昶昕,綠能環保,4.74,11.72,34.89,1.61,7.25,41.28
4585,達明,其他,4.73,7.94,19.89,3.66,7.2,63.1
2397,友通,電腦及週邊設備業,4.73,8.35,31.7,2.63,7.47,22.02
2915,潤泰全,貿易百貨業,4.72,13.37,38.48,2.96,7.76,28.45
3067,全域,其他電子業,4.72,5.64,21.94,2.88,6.5,59.48
2539,櫻花建,建材營造業,4.71,7.17,26.52,2.86,6.0,47.1
5468,凱鈺,半導體業,4.7,10.34,25.87,3.27,5.36,51.13
4767,誠泰科技,化學工業,4.7,16.49,36.54,2.95,6.98,56.5
2852,第一保,金融保險業,4.69,16.79,39.59,2.81,5.78,46.17
8933,愛地雅,運動休閒,4.68,5.14,19.08,3.02,7.06,53.36
2305,全友,電腦及週邊設備業,4.66,6.94,24.18,3.34,5.74,41.86
6168,宏齊,光電業,4.66,12.88,27.06,4.75,6.07,65.36
2033,佳大,鋼鐵工業,4.65,16.72,34.79,2.08,5.56,68.62
3266,昇陽,建材營造業,4.65,16.31,39.27,4.34,7.28,30.63
8940,新天地,觀光餐旅,4.65,8.56,21.38,4.78,5.39,67.6
912000,晨訊科-DR,其他,4.63,5.83,25.47,0.55,6.43,60.73
6126,信音,電子零組件業,4.63,17.02,32.87,3.09,5.36,64.95
6423,億而得-創,半導體業,4.62,7.24,26.12,1.42,5.19,60.57
1504,東元,電機機械,4.6,7.9,37.19,0.94,5.06,25.32
00875,國泰網路資安,其他,4.6,9.03,24.98,3.18,6.83,59.9
8464,億豐,居家生活,4.56,14.81,38.01,2.52,5.25,40.41
6216,居易,通信網路業,4.55,15.05,33.37,2.0,6.15,61.4
5278,尚凡*,數位雲端,4.54,6.05,27.72,3.95,7.51,24.25
1702,南僑,食品工業,4.54,12.05,35.72,3.6,5.86,26.17
1264,德麥,食品工業,4.53,8.49,38.57,0.76,5.83,29.12
2891C,中信金丙特,金融保險業,4.53,14.42,38.95,1.33,6.26,55.46
3171,炎洲流通,居家生活,4.51,12.68,36.82,3.69,7.76,27.94
3702,大聯大,電子通路業,4.48,11.08,26.19,3.99,7.33,69.73
9136,巨騰-DR,其他,4.47,6.96,28.28,3.53,7.51,35.57
00638R,元大滬深300反1,其他,4.43,14.16,33.2,2.51,6.96,60.58
3158,嘉實,其他,4.4,7.54,32.1,2.1,6.36,32.02
4543,萬在,電機機械,4.39,14.19,36.07,2.33,5.18,50.01
8076,伍豐,電腦及週邊設備業,4.38,5.45,27.01,0.71,7.07,62.42
9950,萬國通,塑膠工業,4.38,14.93,37.16,3.97,5.91,44.55
2752,豆府,觀光餐旅,4.36,14.71,37.01,4.74,6.19,49.6
3062,建漢,通信網路業,4.36,8.12,28.22,1.71,6.92,66.15
3211,順達,電腦及週邊設備業,4.35,8.05,23.27,4.91,6.41,68.74
006201,元大富櫃50,其他,4.34,9.61,25.39,3.15,6.06,68.43
00981T,平衡凱基雙核收息,其他,4.31,13.48,39.54,4.8,7.87,23.89
3543,州巧,光電業,4.31,18.11,36.96,3.76,7.27,62.36
00986A,主動台新龍頭成長,其他,4.29,9.04,30.02,3.6,6.93,41.55
6531,愛普*,半導體業,4.27,6.45,30.51,1.3,5.8,58.1
5315,光聯,光電業,4.27,13.46,38.59,2.19,6.32,44.89
8210,勤誠,電腦及週邊設備業,4.26,8.28,31.76,3.7,5.97,33.58
4558,寶緯,電機機械,4.22,5.28,20.66,3.89,6.76,67.45
4104,佳醫,生技醫療業,4.22,5.66,34.86,1.34,5.69,31.86
3490,單井,光電業,4.21,6.74,22.65,4.82,6.82,64.54
2399,映泰,電腦及週邊設備業,4.21,5.72,26.28,4.87,5.45,49.38
5903,全家,居家生活,4.2,10.06,39.7,1.74,6.92,32.07
00860B,群益1-5Y投資級債,其他,4.17,13.43,39.38,2.07,5.06,47.2
1402,遠東新,紡織纖維,4.13,7.35,37.85,1.66,7.72,25.04
00674R,期元大S&P黃金反1,其他,4.13,7.21,26.48,4.87,6.33,58.95
00637L,元大滬深300正2,其他,4.13,12.3,38.25,4.66,7.17,33.09
2493,揚博,電子零組件業,4.13,16.56,36.44,4.45,7.71,60.81
00904,新光臺灣半導體30,其他,4.12,15.44,34.97,3.46,5.19,69.55
4935,茂林-KY,光電業,4.11,11.13,38.1,3.15,7.53,26.61
1612,宏泰,電器電纜,4.09,12.05,36.98,1.42,6.46,68.37
2302,麗正,半導體業,4.09,13.83,35.64,4.25,7.54,58.71
9902,台火,其他業,4.08,8.32,35.87,2.8,6.64,30.42
1463,強盛新,紡織纖維,4.07,8.91,29.21,2.25,6.43,63.14
00945B,凱基美國非投等債,其他,4.06,18.39,39.47,4.93,5.95,60.14
1589,永冠-KY,電機機械,4.05,6.73,30.26,1.44,5.04,60.18
4568,科際精密,電機機械,4.05,5.48,22.27,4.54,6.51,66.08
1604,聲寶,電器電纜,4.04,6.78,34.13,2.75,7.45,39.3
1218,泰山,食品工業,4.03,5.39,33.63,2.07,6.24,27.78
1460,宏遠,紡織纖維,4.03,9.33,36.35,4.43,7.09,27.62
6874,倍力,資訊服務業,4.03,6.99,24.49,4.39,7.77,60.47
00724B,群益投資級金融債,其他,4.02,11.44,35.48,2.19,5.58,55.61
6693,廣閎科,半導體業,4.02,12.18,39.03,3.24,5.23,31.08
4572,駐龍,電機機械,4.01,9.29,32.75,2.53,6.01,56.69
2607,榮運,航運業,4.0,10.93,37.45,0.69,7.9,67.88
8038,長園科,電子零組件業,4.0,7.77,35.78,1.77,7.7,47.45
1570,力肯,電機機械,3.99,7.35,35.34,1.71,5.87,41.34
5488,松普,電子零組件業,3.98,12.44,39.67,4.91,7.43,38.64
2258,鴻華先進-創,汽車工業,3.98,9.7,38.52,1.87,7.28,48.93
020012,富邦行動通訊N,其他,3.94,10.93,35.52,3.21,7.97,47.55
2504,國產,建材營造業,3.93,17.79,39.71,4.22,5.5,67.28
3272,東碩,電腦及週邊設備業,3.92,10.3,39.83,1.57,6.57,45.55
5245,智晶,光電業,3.92,10.14,39.58,0.59,7.63,58.86
2405,輔信,電腦及週邊設備業,3.92,10.32,38.63,1.01,6.26,57.41
4907,富宇,建材營造業,3.91,15.94,39.91,4.19,6.02,50.43
9914,美利達,運動休閒,3.9,5.79,31.43,4.18,7.52,33.1
6672,騰輝電子-KY,電子零組件業,3.89,7.03,28.17,2.69,7.81,65.34
4167,松瑞藥,生技醫療業,3.89,5.65,23.88,3.69,5.56,69.65
2486,一詮,光電業,3.86,10.23,32.74,2.62,7.46,64.23
4417,金洲,紡織纖維,3.85,6.44,38.99,1.72,5.24,27.5
2204,中華,汽車工業,3.84,6.84,33.38,3.92,6.32,34.22
00694B,富邦美債1-3,其他,3.83,10.71,39.87,4.23,6.14,20.51
00848B,中信新興亞洲債,其他,3.8,8.27,30.57,2.52,6.9,62.02
1516,川飛,其他業,3.8,7.45,34.48,4.89,6.55,34.43
1268,漢來美食,觀光餐旅,3.79,5.75,27.36,4.72,7.32,50.68
5009,榮剛,鋼鐵工業,3.79,5.3,31.74,2.84,6.31,46.16
1315,達新,塑膠工業,3.74,12.34,39.07,2.63,7.23,58.12
1536,和大,汽車工業,3.73,5.66,32.73,2.66,6.86,40.85
00917,中信特選金融,其他,3.73,11.29,35.26,2.34,7.76,66.03
5515,建國,建材營造業,3.72,9.63,33.07,2.92,7.48,68.63
00956,中信日經高股息,其他,3.71,5.41,35.03,1.96,6.2,49.38
1439,雋揚,建材營造業,3.69,7.13,34.97,0.81,6.8,63.23
2063,世鎧,鋼鐵工業,3.67,7.66,38.38,2.29,5.02,33.82
8938,明安,運動休閒,3.66,7.7,28.53,4.97,7.77,66.29
3114,好德,電子零組件業,3.62,9.89,36.74,3.87,5.97,45.57
6937,天虹,半導體業,3.6,6.68,30.12,4.13,7.41,57.56
6504,南六,其他業,3.59,9.41,31.36,3.11,6.67,62.52
2546,根基,建材營造業,3.54,8.19,38.9,1.07,7.99,53.63
3438,類比科,半導體業,3.53,7.6,34.46,3.59,7.67,47.6
4951,精拓科,半導體業,3.51,6.67,33.43,3.93,6.47,42.64
1308,亞聚,塑膠工業,3.49,8.5,36.04,4.37,5.16,40.3
3576,聯合再生,光電業,3.49,9.55,39.94,2.32,5.17,41.01
2897,王道銀行,金融保險業,3.48,12.53,38.93,2.34,6.37,68.99
2722,夏都,觀光餐旅,3.46,13.09,37.34,4.92,5.38,63.64
6727,亞泰金屬,電子零組件業,3.44,8.95,34.53,3.85,6.71,57.27
6988,威力暘-創,其他,3.43,5.61,36.4,3.02,5.66,27.3
00990A,主動元大AI新經濟,其他,3.33,5.23,35.48,3.81,7.5,36.89
6118,建達,電子通路業,3.31,5.08,27.97,4.71,7.45,60.35
8091,翔名,電子零組件業,3.28,7.41,38.81,1.84,7.27,59.94
7769,鴻勁,其他,3.22,7.06,33.83,4.57,7.23,53.46
6643,M31,半導體業,3.21,5.68,32.05,2.6,6.81,62.38
3380,明泰,通信網路業,3.2,5.33,39.23,0.78,6.42,55.98
2002,中鋼,鋼鐵工業,3.09,7.1,,0.98,5.55,66.32
6547,高端疫苗,生技醫療業,3.08,7.04,39.94,2.96,5.71,47.95
00707R,期元大S&P日圓反1,其他,3.05,6.85,39.96,4.53,5.43,37.52
00946,群益科技高息成長,其他,2.99,7.26,33.49,3.97,5.79,61.13
6124,業強,電子零組件業,2.82,7.32,37.55,4.41,5.73,51.82
6264,富裔,建材營造業,2.81,6.43,38.9,1.75,7.84,61.46
2408,南亞科,半導體業,2.81,5.36,,3.72,6.59,38.21
1904,正隆,造紙工業,2.71,7.93,39.27,4.49,6.7,59.31
2820,華票,金融保險業,2.7,6.3,39.65,4.95,6.13,48.31
3311,閎暉,通信網路業,2.67,9.41,39.02,4.7,6.96,64.16
3037,欣興,電子零組件業,2.46,8.83,103.83,3.6,7.86,64.02
4198,欣大健康,生技醫療業,2.45,7.64,38.49,4.85,6.38,65.77
00857B,永豐20年美公債,其他,2.45,6.84,37.42,4.51,7.31,62.97
1735,日勝化,化學工業,2.44,7.28,38.14,3.44,7.33,66.91
